Ticker,Name,Sector,Industry,ROCE,ROCEAvg,DE,RevGrowth,EarnGrowth,CFOQuality,FCFMargin,GrossMargin,OpMargin,NetMargin,PE,PEMedian,EarnYield,BondYield,Price,EntryPrice,QualityPass,NetDebtEBITDA,FCFtoNI,FCFYield,Hurdle,FCFFloor,FCFFairValue,ImpliedGrowth,SustGrowth,ReverseDCF,RSI14,SMA200,PriceVsSma200,TechnicalReady,MktCap,Score,Verdict,Tags,ROCEHistory,DataQuality
CAMS.NS,Computer Age Management Services Limited,Technology,Information Technology Services,45.9%,42.8% (4yr),0.06x,16.1% (3yr),17.9% (3yr),1.09x,0.0%,65.5%,39.4%,31.4%,34.4x,44.4x,2.9%,7.0%,₹640.70,₹266.29,Y,-1.20x,0.00x (reinvesting),0.0%,10.0%,—,—,—,45.9%,—,40.2,₹758.14,below,Not yet,₹15899 Cr,93,STRONG PASS,"Elite ROCE, Consistent ROCE (4yr), Near Zero Debt, Strong Growth, High Cash Quality, Below Historical P/E, Entry Quality Pass",TTM: 46%  |  2025: 45%  |  2024: 39%  |  2023: 39%  |  2022: 48%,✓ Filing 2025-03-31 (11mo old)
ANANDRATHI.NS,Anand Rathi Wealth Limited,Financial Services,Asset Management,67.6%,43.9% (4yr),0.10x,31.0% (3yr),33.2% (3yr),0.92x,0.0%,59.4%,45.4%,32.2%,68.0x,72.3x,1.5%,7.0%,₹3003.40,₹630.71,Y,-1.07x,0.00x (reinvesting),0.0%,10.0%,—,—,—,67.6%,—,41.2,₹2819.52,above,Not yet,₹24937 Cr,90,STRONG PASS,"Elite ROCE, Consistent ROCE (4yr), Near Zero Debt, Strong Growth, Below Historical P/E, Entry Quality Pass",TTM: 68%  |  2025: 49%  |  2024: 40%  |  2023: 44%  |  2022: 42%,✓ Filing 2025-03-31 (11mo old)
AKZOINDIA.NS,JSW Dulux Limited,Basic Materials,Specialty Chemicals,33.5%,32.0% (4yr),0.03x,9.4% (3yr),14.0% (3yr),0.95x,0.0%,41.3%,13.0%,52.0%,6.7x,33.7x,14.9%,7.0%,₹2885.10,₹6137.00,Y,-0.39x,0.00x (reinvesting),0.0%,10.0%,—,—,—,33.5%,—,46.7,₹3246.31,below,Not yet,₹13139 Cr,89,STRONG PASS,"High ROCE, Consistent ROCE (4yr), Near Zero Debt, Partial Growth, Cheap vs History + Bonds, Entry Quality Pass",TTM: 34%  |  2025: 37%  |  2024: 37%  |  2023: 30%  |  2022: 25%,✓ Filing 2025-03-31 (11mo old)
COLPAL.NS,Colgate-Palmolive (India) Limited,Consumer Defensive,Household & Personal Products,92.5%,86.1% (4yr),0.04x,5.8% (3yr),10.0% (3yr),1.10x,0.0%,68.8%,27.3%,22.5%,38.9x,53.9x,2.6%,7.0%,₹1896.10,₹696.14,Y,-0.69x,0.00x (reinvesting),0.0%,10.0%,—,—,—,92.5%,—,15.2,₹2218.56,below,Ready,₹51571 Cr,88,STRONG PASS,"Elite ROCE, Consistent ROCE (4yr), Near Zero Debt, Partial Growth, High Cash Quality, Below Historical P/E, Entry Quality Pass",TTM: 93%  |  2025: 103%  |  2024: 88%  |  2023: 76%  |  2022: 76%,✓ Filing 2025-03-31 (11mo old)
IEX.NS,Indian Energy Exchange Limited,Financial Services,Capital Markets,51.0%,38.9% (4yr),0.00x,7.6% (3yr),11.5% (3yr),1.05x,0.0%,99.8%,83.7%,66.2%,22.3x,44.8x,4.5%,7.0%,₹120.53,₹77.14,Y,-2.25x,0.00x (reinvesting),0.0%,10.0%,—,—,—,51.0%,—,41.4,₹145.77,below,Not yet,₹10719 Cr,88,STRONG PASS,"Elite ROCE, Consistent ROCE (4yr), Near Zero Debt, Partial Growth, High Cash Quality, Below Historical P/E, Entry Quality Pass",TTM: 51%  |  2025: 36%  |  2024: 35%  |  2023: 38%  |  2022: 47%,✓ Filing 2025-03-31 (11mo old)
NESTLEIND.NS,Nestlé India Limited,Consumer Defensive,Packaged Foods,52.8%,57.2% (3yr),0.11x,17.0% (3yr),23.1% (3yr),1.03x,0.0%,54.6%,18.1%,14.9%,70.4x,77.0x,1.4%,7.0%,₹1193.60,₹242.14,Y,0.02x,0.00x (reinvesting),0.0%,10.0%,—,—,—,52.8%,—,19.4,₹1224.06,below,Ready,₹2.3L Cr,88,STRONG PASS,"Elite ROCE, Consistent ROCE (3yr), Low Debt, Strong Growth, High Cash Quality, Below Historical P/E, Entry Quality Pass",TTM: 53%  |  2025: 57%  |  2022: 57%  |  2021: 58%,✓ Filing 2025-03-31 (11mo old)
TCS.NS,Tata Consultancy Services Limited,Technology,Information Technology Services,61.6%,55.2% (4yr),0.09x,10.0% (3yr),8.2% (3yr),1.00x,13.8%,39.7%,25.2%,18.3%,18.1x,30.3x,5.5%,7.0%,₹2390.60,₹1885.14,Y,-0.67x,0.76x (reinvesting),4.4%,10.0%,₹1125  (10× FCF),₹3454 – ₹10110  (33× – 80× FCF),5.4%,15.0%,Buy,20.2,₹3032.18,below,Ready,₹8.6L Cr,88,STRONG PASS,"Elite ROCE, Consistent ROCE (4yr), Near Zero Debt, Partial Growth, High Cash Quality, Below Historical P/E, Entry Quality Pass",TTM: 62%  |  2025: 58%  |  2024: 59%  |  2023: 54%  |  2022: 49%,✓ Filing 2025-03-31 (11mo old)
CDSL.NS,Central Depository Services (India) Limited,Financial Services,Capital Markets,34.5%,29.3% (4yr),0.00x,25.2% (3yr),19.2% (3yr),0.95x,0.0%,100.0%,51.9%,38.9%,52.4x,67.9x,1.9%,7.0%,₹1190.80,₹324.86,Y,-1.43x,0.00x (reinvesting),0.0%,10.0%,—,—,—,34.5%,—,37.8,₹1520.48,below,Not yet,₹24888 Cr,87,STRONG PASS,"High ROCE, Consistent ROCE (4yr), Near Zero Debt, Strong Growth, Below Historical P/E, Entry Quality Pass",TTM: 34%  |  2025: 31%  |  2024: 30%  |  2023: 24%  |  2022: 32%,✓ Filing 2025-03-31 (11mo old)
GILLETTE.NS,Gillette India Limited,Consumer Defensive,Household & Personal Products,82.9%,47.6% (4yr),0.00x,9.4% (3yr),9.9% (3yr),1.37x,0.0%,63.0%,28.9%,20.2%,48.8x,56.5x,2.0%,7.0%,₹8001.50,₹2343.29,Y,-0.65x,0.00x (reinvesting),0.0%,10.0%,—,—,—,82.9%,—,35.4,₹9098.21,below,Not yet,₹26073 Cr,86,STRONG PASS,"Elite ROCE, Consistent ROCE (4yr), Near Zero Debt, High Cash Quality, Below Historical P/E, Entry Quality Pass, ⚠ Stale Data",TTM: 83%  |  2024: 53%  |  2023: 43%  |  2022: 46%  |  2021: 49%,⚠ Filing 2024-06-30 (21mo old) — verify manually
KFINTECH.NS,KFin Technologies Limited,Technology,Software - Application,28.4%,25.9% (4yr),0.03x,20.0% (3yr),30.8% (3yr),1.26x,0.0%,62.0%,35.8%,27.7%,45.7x,56.1x,2.2%,7.0%,₹914.55,₹286.14,Y,-1.17x,0.00x (reinvesting),0.0%,10.0%,—,—,—,28.4%,—,41.7,₹1096.03,below,Not yet,₹15778 Cr,86,STRONG PASS,"Good ROCE, Consistent ROCE (4yr), Near Zero Debt, Strong Growth, High Cash Quality, Below Historical P/E, Entry Quality Pass",TTM: 28%  |  2025: 27%  |  2024: 25%  |  2023: 25%  |  2022: 27%,✓ Filing 2025-03-31 (11mo old)
IRCTC.NS,Indian Railway Catering & Tourism Corporation Limited,Consumer Cyclical,Travel Services,39.3%,41.4% (4yr),0.02x,35.5% (3yr),25.9% (3yr),0.75x,0.0%,37.1%,31.3%,28.4%,29.3x,68.7x,3.4%,7.0%,₹522.85,₹254.71,Y,-1.76x,0.00x (reinvesting),0.0%,10.0%,—,—,—,39.3%,—,29.3,₹685.05,below,Ready,₹41828 Cr,85,STRONG PASS,"High ROCE, Consistent ROCE (4yr), Near Zero Debt, Strong Growth, Below Historical P/E, Entry Quality Pass",TTM: 39%  |  2025: 38%  |  2024: 41%  |  2023: 46%  |  2022: 41%,✓ Filing 2025-03-31 (11mo old)
BEL.NS,Bharat Electronics Limited,Industrials,Aerospace & Defense,35.0%,26.1% (4yr),0.00x,15.3% (3yr),30.4% (3yr),0.73x,0.0%,48.2%,27.8%,22.5%,52.1x,53.1x,1.9%,7.0%,₹426.10,₹116.86,Y,-1.03x,0.00x (reinvesting),0.0%,10.0%,—,—,—,35.0%,—,43.1,₹408.00,above,Not yet,₹3.1L Cr,85,STRONG PASS,"High ROCE, Consistent ROCE (4yr), Near Zero Debt, Strong Growth, Below Historical P/E, Entry Quality Pass",TTM: 35%  |  2025: 31%  |  2024: 27%  |  2023: 25%  |  2022: 21%,✓ Filing 2025-03-31 (11mo old)
SOLARINDS.NS,Solar Industries India Limited,Basic Materials,Specialty Chemicals,36.9%,32.0% (4yr),0.16x,24.3% (3yr),39.9% (3yr),1.49x,0.0%,49.3%,25.3%,16.2%,80.6x,91.7x,1.2%,7.0%,₹12934.00,₹2291.14,Y,0.20x,0.00x (reinvesting),0.0%,10.0%,—,—,—,36.9%,—,42.7,₹14180.95,below,Not yet,₹1.2L Cr,85,STRONG PASS,"High ROCE, Consistent ROCE (4yr), Low Debt, Strong Growth, High Cash Quality, Below Historical P/E, Entry Quality Pass",TTM: 37%  |  2025: 29%  |  2024: 34%  |  2023: 40%  |  2022: 26%,✓ Filing 2025-03-31 (11mo old)
NAM-INDIA.NS,Nippon Life India Asset Management Limited,Financial Services,Asset Management,43.0%,24.1% (4yr),0.02x,19.5% (3yr),20.0% (3yr),0.81x,0.0%,82.5%,68.5%,51.2%,37.6x,40.9x,2.7%,7.0%,₹838.90,₹318.71,Y,-0.11x,0.00x (reinvesting),0.0%,10.0%,—,—,—,43.0%,—,35.7,₹846.70,below,Not yet,₹53468 Cr,84,STRONG PASS,"Elite ROCE, Steady ROCE (4yr), Near Zero Debt, Strong Growth, Below Historical P/E, Entry Quality Pass",TTM: 43%  |  2025: 31%  |  2024: 23%  |  2023: 21%  |  2022: 21%,✓ Filing 2025-03-31 (11mo old)
PERSISTENT.NS,Persistent Systems Limited,Technology,Information Technology Services,35.3%,24.2% (4yr),0.06x,27.9% (3yr),26.6% (3yr),1.04x,13.0%,30.4%,16.8%,12.4%,42.6x,69.8x,2.3%,7.0%,₹4716.70,₹1583.43,Y,-0.69x,1.04x,2.5%,10.0%,₹1270  (10× FCF),₹7254 – ₹9040  (62× – 77× FCF),7.3%,0.0%,—,49.2,₹5667.81,below,Not yet,₹73753 Cr,84,STRONG PASS,"High ROCE, Steady ROCE (4yr), Near Zero Debt, Strong Growth, High Cash Quality, Below Historical P/E, Entry Quality Pass",TTM: 35%  |  2025: 24%  |  2024: 25%  |  2023: 27%  |  2022: 21%,✓ Filing 2025-03-31 (11mo old)
PAGEIND.NS,Page Industries Limited,Consumer Cyclical,Apparel Manufacturing,65.6%,54.5% (4yr),0.19x,9.7% (3yr),10.8% (3yr),1.08x,0.0%,59.1%,21.0%,14.7%,47.6x,85.2x,2.1%,7.0%,₹32005.00,₹9601.57,Y,-0.22x,0.00x (reinvesting),0.0%,10.0%,—,—,—,65.6%,—,49.2,₹40090.22,below,Not yet,₹35720 Cr,83,STRONG PASS,"Elite ROCE, Consistent ROCE (4yr), Low Debt, Partial Growth, High Cash Quality, Below Historical P/E, Entry Quality Pass",TTM: 66%  |  2025: 59%  |  2024: 44%  |  2023: 53%  |  2022: 62%,✓ Filing 2025-03-31 (11mo old)
NETWEB.NS,Netweb Technologies India Limited,Technology,Computer Hardware,39.6%,41.5% (4yr),0.03x,66.6% (3yr),72.1% (3yr),0.14x,0.0%,21.3%,11.7%,9.8%,104.2x,154.7x,1.0%,7.0%,₹3284.40,₹450.43,Y,-1.01x,0.00x (reinvesting),0.0%,10.0%,—,—,—,39.6%,—,24.9,₹2934.23,above,Not yet,₹18718 Cr,83,STRONG PASS,"High ROCE, Consistent ROCE (4yr), Near Zero Debt, Strong Growth, ⚠ Accruals Risk, Below Historical P/E, Entry Quality Pass",TTM: 40%  |  2025: 28%  |  2024: 22%  |  2023: 62%  |  2022: 54%,✓ Filing 2025-03-31 (11mo old)
PGHH.NS,Procter & Gamble Hygiene and Health Care Limited,Consumer Defensive,Household & Personal Products,153.7%,97.6% (4yr),0.00x,5.5% (3yr),1.2% (3yr),1.06x,0.0%,62.9%,31.1%,19.8%,44.1x,77.4x,2.3%,7.0%,₹9707.00,₹3147.86,Y,-0.67x,0.00x (reinvesting),0.0%,10.0%,—,—,—,153.7%,—,12.0,₹12665.40,below,Ready,₹31510 Cr,83,STRONG PASS,"Elite ROCE, Consistent ROCE (4yr), Near Zero Debt, High Cash Quality, Below Historical P/E, Entry Quality Pass, ⚠ Stale Data",TTM: 154%  |  2024: 108%  |  2023: 78%  |  2022: 97%  |  2021: 108%,⚠ Filing 2024-06-30 (21mo old) — verify manually
TATAELXSI.NS,Tata Elxsi Limited,Technology,Software - Application,25.3%,36.1% (4yr),0.06x,14.7% (3yr),12.6% (3yr),0.86x,0.0%,32.8%,20.9%,15.7%,45.5x,69.2x,2.2%,7.0%,₹4237.70,₹1331.86,Y,-1.37x,0.00x (reinvesting),0.0%,10.0%,—,—,—,25.3%,—,37.1,₹5482.24,below,Not yet,₹26399 Cr,83,STRONG PASS,"Good ROCE, Consistent ROCE (4yr), Near Zero Debt, Strong Growth, Below Historical P/E, Entry Quality Pass",TTM: 25%  |  2025: 29%  |  2024: 35%  |  2023: 39%  |  2022: 41%,✓ Filing 2025-03-31 (11mo old)
ABBOTINDIA.NS,Abbott India Limited,Healthcare,Drug Manufacturers - Specialty & Generic,39.0%,35.3% (4yr),0.05x,9.3% (3yr),21.0% (3yr),0.93x,0.0%,46.4%,25.8%,22.3%,37.3x,51.9x,2.7%,7.0%,₹26715.00,₹10228.00,Y,-1.20x,0.00x (reinvesting),0.0%,10.0%,—,—,—,39.0%,—,52.1,₹29974.54,below,Not yet,₹56768 Cr,82,STRONG PASS,"High ROCE, Consistent ROCE (4yr), Near Zero Debt, Partial Growth, Below Historical P/E, Entry Quality Pass",TTM: 39%  |  2025: 36%  |  2024: 37%  |  2023: 34%  |  2022: 34%,✓ Filing 2025-03-31 (11mo old)
CRISIL.NS,CRISIL Limited,Financial Services,Financial Data & Stock Exchanges,30.0%,31.1% (4yr),0.10x,9.6% (3yr),10.7% (3yr),1.03x,7.3%,46.7%,28.2%,21.0%,38.2x,47.0x,2.6%,7.0%,₹4000.40,₹1497.29,Y,-0.66x,0.35x (reinvesting),0.9%,10.0%,₹462  (10× FCF),₹1313 – ₹3745  (33× – 80× FCF),9.0%,19.5%,Buy,24.9,₹4891.98,below,Ready,₹29279 Cr,81,STRONG PASS,"Good ROCE, Consistent ROCE (4yr), Near Zero Debt, Partial Growth, High Cash Quality, Below Historical P/E, Entry Quality Pass",TTM: 30%  |  2025: 28%  |  2024: 30%  |  2023: 34%  |  2022: 33%,✓ Filing 2025-12-31 (2mo old)
KPITTECH.NS,KPIT Technologies Limited,Technology,Software - Infrastructure,29.6%,26.0% (4yr),0.16x,33.9% (3yr),45.2% (3yr),1.59x,0.0%,35.3%,15.6%,11.5%,25.2x,68.7x,4.0%,7.0%,₹660.95,₹374.86,Y,-0.54x,0.00x (reinvesting),0.0%,10.0%,—,—,—,29.6%,—,26.6,₹1146.57,below,Ready,₹18018 Cr,81,STRONG PASS,"Good ROCE, Consistent ROCE (4yr), Low Debt, Strong Growth, High Cash Quality, Below Historical P/E, Entry Quality Pass",TTM: 30%  |  2025: 31%  |  2024: 30%  |  2023: 22%  |  2022: 21%,✓ Filing 2025-03-31 (11mo old)
APARINDS.NS,APAR Industries Limited,Industrials,Electrical Equipment & Parts,32.2%,34.7% (4yr),0.14x,25.8% (3yr),47.3% (3yr),0.77x,0.0%,20.9%,7.4%,4.5%,40.0x,40.9x,2.5%,7.0%,₹9673.00,₹3454.71,Y,0.17x,0.00x (reinvesting),0.0%,10.0%,—,—,—,32.2%,—,31.6,₹8712.95,above,Not yet,₹38856 Cr,80,STRONG PASS,"High ROCE, Consistent ROCE (4yr), Low Debt, Strong Growth, Below Historical P/E, Entry Quality Pass",TTM: 32%  |  2025: 30%  |  2024: 34%  |  2023: 49%  |  2022: 26%,✓ Filing 2025-03-31 (11mo old)
ACE.NS,Action Construction Equipment Limited,Industrials,Farm & Heavy Construction Machinery,27.9%,26.2% (4yr),0.08x,26.8% (3yr),57.4% (3yr),1.21x,0.0%,32.4%,14.1%,13.2%,23.4x,54.6x,4.3%,7.0%,₹829.15,₹507.00,Y,-0.71x,0.00x (reinvesting),0.0%,10.0%,—,—,—,27.9%,—,36.7,₹1022.95,below,Not yet,₹9869 Cr,80,STRONG PASS,"Good ROCE, Steady ROCE (4yr), Near Zero Debt, Strong Growth, High Cash Quality, Below Historical P/E, Entry Quality Pass",TTM: 28%  |  2025: 30%  |  2024: 32%  |  2023: 24%  |  2022: 18%,✓ Filing 2025-03-31 (11mo old)
ECLERX.NS,eClerx Services Limited,Technology,Information Technology Services,31.0%,28.7% (4yr),0.15x,15.9% (3yr),9.0% (3yr),1.08x,0.0%,36.6%,21.5%,17.1%,21.1x,31.7x,4.7%,7.0%,₹1469.00,₹994.71,Y,-0.95x,0.00x (reinvesting),0.0%,10.0%,—,—,—,31.0%,—,37.8,₹2037.86,below,Not yet,₹13690 Cr,80,STRONG PASS,"High ROCE, Consistent ROCE (4yr), Low Debt, Partial Growth, High Cash Quality, Below Historical P/E, Entry Quality Pass",TTM: 31%  |  2025: 26%  |  2024: 26%  |  2023: 32%  |  2022: 32%,✓ Filing 2025-03-31 (11mo old)
EMAMILTD.NS,Emami Limited,Consumer Defensive,Household & Personal Products,40.8%,28.9% (4yr),0.02x,6.1% (3yr),-1.3% (3yr),1.02x,0.0%,68.2%,29.4%,20.8%,22.1x,35.1x,4.5%,7.0%,₹402.75,₹260.00,Y,-0.75x,0.00x (reinvesting),0.0%,10.0%,—,—,—,40.8%,—,21.6,₹530.95,below,Ready,₹17582 Cr,80,STRONG PASS,"Elite ROCE, Consistent ROCE (4yr), Near Zero Debt, ⚠ Declining Growth, High Cash Quality, Below Historical P/E, Entry Quality Pass",TTM: 41%  |  2025: 31%  |  2024: 30%  |  2023: 26%  |  2022: 29%,✓ Filing 2025-03-31 (11mo old)
INOXINDIA.NS,INOX India Limited,Industrials,Specialty Industrial Machinery,32.5%,31.5% (4yr),0.10x,19.1% (3yr),20.1% (3yr),0.73x,0.0%,56.5%,19.6%,16.6%,43.3x,51.2x,2.3%,7.0%,₹1180.70,₹389.57,Y,-0.63x,0.00x (reinvesting),0.0%,10.0%,—,—,—,32.5%,—,53.4,₹1170.35,above,Not yet,₹10716 Cr,80,STRONG PASS,"High ROCE, Consistent ROCE (4yr), Low Debt, Strong Growth, Below Historical P/E, Entry Quality Pass",TTM: 33%  |  2025: 29%  |  2024: 34%  |  2023: 33%  |  2022: 30%,✓ Filing 2025-03-31 (11mo old)
ITC.NS,ITC Limited,Consumer Defensive,Tobacco,34.8%,31.3% (4yr),0.01x,7.5% (3yr),31.6% (3yr),0.77x,0.0%,55.9%,32.2%,43.9%,18.4x,26.6x,5.4%,7.0%,₹299.95,₹232.29,Y,-0.67x,0.00x (reinvesting),0.0%,10.0%,—,—,—,34.8%,—,32.9,₹378.86,below,Ready,₹3.8L Cr,80,STRONG PASS,"High ROCE, Consistent ROCE (4yr), Near Zero Debt, Partial Growth, Below Historical P/E, Entry Quality Pass",TTM: 35%  |  2025: 33%  |  2024: 30%  |  2023: 33%  |  2022: 29%,✓ Filing 2025-03-31 (11mo old)
JBCHEPHARM.NS,J. B. Chemicals & Pharmaceuticals Limited,Healthcare,Drug Manufacturers - Specialty & Generic,27.1%,22.1% (4yr),0.01x,16.8% (3yr),19.6% (3yr),1.24x,0.0%,67.1%,23.5%,18.0%,45.0x,52.8x,2.2%,7.0%,₹2138.60,₹678.29,Y,-0.49x,0.00x (reinvesting),0.0%,10.0%,—,—,—,27.1%,—,63.3,₹1778.47,above,Not yet,₹34337 Cr,80,STRONG PASS,"Good ROCE, Steady ROCE (4yr), Near Zero Debt, Strong Growth, High Cash Quality, Below Historical P/E, Entry Quality Pass",TTM: 27%  |  2025: 23%  |  2024: 24%  |  2023: 20%  |  2022: 21%,✓ Filing 2025-03-31 (11mo old)
OFSS.NS,Oracle Financial Services Software Limited,Technology,Software - Infrastructure,33.3%,31.6% (4yr),0.00x,9.5% (3yr),8.0% (3yr),0.92x,31.5%,52.9%,40.9%,33.3%,23.5x,28.1x,4.2%,7.0%,₹6580.00,₹3995.00,Y,-1.48x,0.94x,4.4%,10.0%,₹3185  (10× FCF),₹6342 – ₹7793  (22× – 27× FCF),5.4%,1.9%,Not Buy,38.9,₹8156.53,below,Not yet,₹57265 Cr,80,STRONG PASS,"High ROCE, Consistent ROCE (4yr), Near Zero Debt, Below Historical P/E, Entry Quality Pass",TTM: 33%  |  2025: 33%  |  2024: 32%  |  2023: 30%  |  2022: 31%,✓ Filing 2025-03-31 (11mo old)
DIXON.NS,Dixon Technologies (India) Limited,Technology,Consumer Electronics,34.5%,24.3% (4yr),0.30x,53.5% (3yr),79.3% (3yr),1.43x,0.0%,7.4%,3.0%,3.3%,37.7x,124.4x,2.6%,7.0%,₹10342.00,₹3915.14,Y,0.41x,0.00x (reinvesting),0.0%,10.0%,—,—,—,34.5%,—,47.7,₹14368.31,below,Not yet,₹62787 Cr,79,STRONG PASS,"High ROCE, Steady ROCE (4yr), Low Debt, Strong Growth, High Cash Quality, Below Historical P/E, Entry Quality Pass",TTM: 34%  |  2025: 30%  |  2024: 24%  |  2023: 23%  |  2022: 20%,✓ Filing 2025-03-31 (11mo old)
ABSLAMC.NS,Aditya Birla Sun Life AMC Limited,Financial Services,Asset Management,35.6%,26.9% (4yr),0.02x,9.2% (3yr),11.4% (3yr),0.80x,0.0%,78.2%,64.4%,47.7%,26.9x,25.0x,3.7%,7.0%,₹944.65,₹502.00,N,-0.03x,0.00x ⚠ accruals?,0.0%,10.0%,—,—,—,35.6%,—,55.9,₹817.44,above,Not yet,₹27282 Cr,79,STRONG PASS,"High ROCE, Consistent ROCE (4yr), Near Zero Debt, Partial Growth",TTM: 36%  |  2025: 25%  |  2024: 22%  |  2023: 26%  |  2022: 35%,✓ Filing 2025-03-31 (11mo old)
AJANTPHARM.NS,Ajanta Pharma Limited,Healthcare,Drug Manufacturers - Specialty & Generic,31.9%,24.8% (4yr),0.06x,11.8% (3yr),8.9% (3yr),1.09x,0.0%,76.3%,24.6%,19.5%,35.7x,42.9x,2.8%,7.0%,₹2904.70,₹1161.86,Y,-0.50x,0.00x (reinvesting),0.0%,10.0%,—,—,—,31.9%,—,44.5,₹2647.07,above,Not yet,₹36308 Cr,79,STRONG PASS,"High ROCE, Steady ROCE (4yr), Near Zero Debt, Partial Growth, High Cash Quality, Below Historical P/E, Entry Quality Pass",TTM: 32%  |  2025: 28%  |  2024: 28%  |  2023: 19%  |  2022: 24%,✓ Filing 2025-03-31 (11mo old)
HEXT.NS,Hexaware Technologies Limited,Technology,Information Technology Services,20.4%,49.7% (4yr),0.11x,13.4% (3yr),15.7% (3yr),1.27x,11.8%,42.5%,11.2%,10.2%,19.8x,—,5.0%,7.0%,₹439.45,₹316.43,Y,-0.66x,1.15x,6.2%,10.0%,₹283  (10× FCF),—,3.5%,0.0%,—,38.8,₹713.71,below,Not yet,₹26778 Cr,78,STRONG PASS,"Good ROCE, Consistent ROCE (4yr), Low Debt, Strong Growth, High Cash Quality, Entry Quality Pass",TTM: 20%  |  2025: 72%  |  2024: 79%  |  2023: 26%  |  2022: 22%,✓ Filing 2025-12-31 (2mo old)
BBTC.NS,The Bombay Burmah Trading Corporation Limited,Consumer Defensive,Packaged Foods,40.9%,28.3% (4yr),0.30x,7.7% (3yr),160.6% (3yr),55.49x,0.0%,41.9%,18.2%,5.7%,9.5x,22.8x,10.6%,7.0%,₹1504.60,₹2267.71,Y,0.23x,0.00x (reinvesting),0.0%,10.0%,—,—,—,40.9%,—,29.4,₹1842.06,below,Ready,₹10498 Cr,77,PASS,"Elite ROCE, Steady ROCE (4yr), Modest Debt, Partial Growth, High Cash Quality, Cheap vs History + Bonds, Entry Quality Pass",TTM: 41%  |  2025: 32%  |  2024: 37%  |  2023: 25%  |  2022: 19%,✓ Filing 2025-03-31 (11mo old)
CGPOWER.NS,CG Power and Industrial Solutions Limited,Industrials,Electrical Equipment & Parts,30.3%,38.1% (4yr),0.02x,22.0% (3yr),2.2% (3yr),0.80x,0.0%,30.0%,10.9%,9.5%,95.2x,80.0x,1.1%,7.0%,₹681.60,₹102.29,Y,-0.89x,0.00x (reinvesting),0.0%,10.0%,—,—,—,30.3%,—,39.5,₹688.78,below,Not yet,₹1.1L Cr,77,PASS,"High ROCE, Consistent ROCE (4yr), Near Zero Debt, Partial Growth, Entry Quality Pass",TTM: 30%  |  2025: 29%  |  2024: 34%  |  2023: 50%  |  2022: 40%,✓ Filing 2025-03-31 (11mo old)
ENRIN.NS,Siemens Energy India Limited,Utilities,Utilities - Renewable,35.5%,30.2% (2yr),0.03x,63.5% (3yr),83.3% (3yr),2.25x,0.0%,40.1%,22.4%,14.4%,84.0x,—,1.2%,7.0%,₹2791.20,₹474.57,Y,-2.04x,0.00x (reinvesting),0.0%,10.0%,—,—,—,35.5%,—,40.0,—,—,Not yet,₹99400 Cr,77,PASS,"High ROCE, Consistent ROCE (2yr), Near Zero Debt, Strong Growth, High Cash Quality, Commodity Sector, Entry Quality Pass",TTM: 36%  |  2025: 27%  |  2024: 33%,✓ Filing 2025-09-30 (5mo old)
POLYCAB.NS,Polycab India Limited,Industrials,Electrical Equipment & Parts,29.8%,24.0% (4yr),0.02x,22.4% (3yr),30.5% (3yr),0.84x,6.1%,25.8%,11.3%,9.7%,41.2x,61.0x,2.4%,7.0%,₹7171.00,₹2489.43,Y,-0.75x,0.62x (reinvesting),1.6%,10.0%,₹1281  (10× FCF),₹3822 – ₹11080  (33× – 80× FCF),8.3%,11.2%,Buy,21.7,₹7258.58,below,Ready,₹1.1L Cr,77,PASS,"Good ROCE, Steady ROCE (4yr), Near Zero Debt, Strong Growth, Below Historical P/E, Entry Quality Pass",TTM: 30%  |  2025: 26%  |  2024: 27%  |  2023: 24%  |  2022: 19%,✓ Filing 2025-03-31 (11mo old)
GLAXO.NS,GlaxoSmithKline Pharmaceuticals Limited,Healthcare,Drug Manufacturers - General,58.2%,38.3% (4yr),0.02x,4.5% (3yr),-18.2% (3yr),0.83x,0.0%,63.6%,33.7%,26.9%,39.5x,51.1x,2.5%,7.0%,₹2384.80,₹862.00,Y,-1.60x,0.00x (reinvesting),0.0%,10.0%,—,—,—,58.2%,—,26.0,₹2735.74,below,Ready,₹40400 Cr,77,PASS,"Elite ROCE, Consistent ROCE (4yr), Near Zero Debt, ⚠ Declining Growth, Below Historical P/E, Entry Quality Pass",TTM: 58%  |  2025: 51%  |  2024: 41%  |  2023: 37%  |  2022: 24%,✓ Filing 2025-03-31 (11mo old)
MANYAVAR.NS,Vedant Fashions Limited,Consumer Cyclical,Apparel Manufacturing,21.2%,26.5% (4yr),0.27x,10.0% (3yr),7.2% (3yr),1.09x,0.0%,71.7%,35.4%,25.8%,23.8x,74.9x,4.2%,7.0%,₹355.15,₹213.14,N,-0.03x,0.00x ⚠ accruals?,0.0%,10.0%,—,—,—,21.2%,—,36.9,₹637.65,below,Not yet,₹8629 Cr,76,PASS,"Good ROCE, Consistent ROCE (4yr), Low Debt, Partial Growth, High Cash Quality, Below Historical P/E",TTM: 21%  |  2025: 21%  |  2024: 25%  |  2023: 32%  |  2022: 28%,✓ Filing 2025-03-31 (11mo old)
LTTS.NS,L&T Technology Services Limited,Technology,Information Technology Services,25.8%,27.3% (4yr),0.10x,17.5% (3yr),9.8% (3yr),1.12x,0.0%,44.7%,14.6%,10.7%,27.2x,39.4x,3.7%,7.0%,₹3229.10,₹1693.00,Y,-0.98x,0.00x (reinvesting),0.0%,10.0%,—,—,—,25.8%,—,37.2,₹4130.09,below,Not yet,₹34228 Cr,76,PASS,"Good ROCE, Consistent ROCE (4yr), Low Debt, Partial Growth, High Cash Quality, Below Historical P/E, Entry Quality Pass",TTM: 26%  |  2025: 24%  |  2024: 29%  |  2023: 32%  |  2022: 25%,✓ Filing 2025-03-31 (11mo old)
TRITURBINE.NS,Triveni Turbine Limited,Industrials,Specialty Industrial Machinery,32.0%,26.9% (4yr),0.03x,33.3% (3yr),9.7% (3yr),1.00x,0.0%,48.8%,20.0%,16.8%,42.4x,68.7x,2.4%,7.0%,₹456.15,₹153.86,Y,-2.22x,0.00x (reinvesting),0.0%,10.0%,—,—,—,32.0%,—,34.0,₹536.33,below,Ready,₹14501 Cr,76,PASS,"High ROCE, Steady ROCE (4yr), Near Zero Debt, Partial Growth, Below Historical P/E, Entry Quality Pass",TTM: 32%  |  2025: 32%  |  2024: 31%  |  2023: 28%  |  2022: 17%,✓ Filing 2025-03-31 (11mo old)
LTM.NS,LTM Limited,Technology,Information Technology Services,26.8%,27.0% (4yr),0.10x,13.3% (3yr),5.2% (3yr),0.94x,10.3%,29.0%,16.1%,11.6%,26.8x,—,3.7%,7.0%,₹4298.80,₹2290.71,Y,-1.71x,0.89x,3.6%,10.0%,₹1816  (10× FCF),₹2444 – ₹2444  (14× – 14× FCF),6.1%,3.1%,Not Buy,39.4,—,—,Not yet,₹1.3L Cr,75,PASS,"Good ROCE, Consistent ROCE (4yr), Near Zero Debt, Partial Growth, Entry Quality Pass",TTM: 27%  |  2025: 22%  |  2024: 26%  |  2023: 30%  |  2022: 30%,✓ Filing 2025-03-31 (11mo old)
LALPATHLAB.NS,Dr. Lal PathLabs Limited,Healthcare,Diagnostics & Research,23.9%,26.4% (4yr),0.06x,5.6% (3yr),12.2% (3yr),1.40x,0.0%,58.5%,20.8%,19.8%,41.3x,69.3x,2.4%,7.0%,₹1308.20,₹452.29,N,-1.60x,0.00x ⚠ accruals?,0.0%,10.0%,—,—,—,23.9%,—,32.7,₹1495.37,below,Ready,₹21843 Cr,75,PASS,"Good ROCE, Steady ROCE (4yr), Near Zero Debt, Partial Growth, High Cash Quality, Below Historical P/E",TTM: 24%  |  2025: 24%  |  2024: 23%  |  2023: 18%  |  2022: 40%,✓ Filing 2025-03-31 (11mo old)
DOMS.NS,DOMS Industries Limited,Industrials,Business Equipment & Supplies,24.1%,22.9% (4yr),0.14x,40.9% (3yr),141.5% (3yr),1.27x,0.0%,43.3%,13.7%,9.9%,62.5x,103.8x,1.6%,7.0%,₹2278.80,₹520.86,Y,-0.00x,0.00x (reinvesting),0.0%,10.0%,—,—,—,24.1%,—,46.7,₹2458.83,below,Not yet,₹13833 Cr,75,PASS,"Good ROCE, Steady ROCE (4yr), Low Debt, Strong Growth, High Cash Quality, Below Historical P/E, Entry Quality Pass",TTM: 24%  |  2025: 22%  |  2024: 23%  |  2023: 36%  |  2022: 11%,✓ Filing 2025-03-31 (11mo old)
BLS.NS,BLS International Services Limited,Industrials,Specialty Business Services,29.5%,22.4% (4yr),0.17x,37.2% (3yr),65.9% (3yr),1.43x,0.0%,38.2%,23.7%,22.4%,15.4x,62.9x,6.5%,7.0%,₹240.60,₹223.00,Y,-1.48x,0.00x (reinvesting),0.0%,10.0%,—,—,—,29.5%,—,22.8,₹327.90,below,Ready,₹9905 Cr,75,PASS,"Good ROCE, Steady ROCE (4yr), Low Debt, Strong Growth, High Cash Quality, Below Historical P/E, Entry Quality Pass",TTM: 29%  |  2025: 25%  |  2024: 22%  |  2023: 25%  |  2022: 17%,✓ Filing 2025-03-31 (11mo old)
PIDILITIND.NS,Pidilite Industries Limited,Basic Materials,Specialty Chemicals,28.2%,23.8% (4yr),0.05x,9.8% (3yr),19.8% (3yr),1.20x,0.0%,54.7%,21.4%,16.2%,59.5x,105.8x,1.7%,7.0%,₹1341.30,₹321.86,Y,-0.85x,0.00x (reinvesting),0.0%,10.0%,—,—,—,28.2%,—,31.2,₹1484.60,below,Ready,₹1.4L Cr,75,PASS,"Good ROCE, Steady ROCE (4yr), Near Zero Debt, Partial Growth, High Cash Quality, Below Historical P/E, Entry Quality Pass",TTM: 28%  |  2025: 25%  |  2024: 26%  |  2023: 22%  |  2022: 23%,✓ Filing 2025-03-31 (11mo old)
WAAREEENER.NS,WAAREE ENERGIES LIMITED,Technology,Solar,44.2%,20.0% (4yr),0.25x,71.6% (3yr),191.2% (3yr),2.11x,0.0%,34.1%,22.0%,14.8%,27.9x,66.3x,3.6%,7.0%,₹3165.90,₹1623.71,Y,-1.07x,0.00x (reinvesting),0.0%,10.0%,—,—,—,44.2%,—,79.1,₹3079.86,above,Not yet,₹91064 Cr,74,PASS,"Elite ROCE, Low Debt, Strong Growth, High Cash Quality, Below Historical P/E, Entry Quality Pass",TTM: 44%  |  2025: 21%  |  2024: 22%  |  2023: 27%  |  2022: 10%,✓ Filing 2025-03-31 (11mo old)
ABB.NS,ABB India Limited,Industrials,Specialty Industrial Machinery,23.8%,24.5% (4yr),0.01x,15.4% (3yr),18.0% (3yr),0.80x,6.6%,39.0%,14.2%,12.6%,80.0x,77.6x,1.2%,7.0%,₹6297.00,₹1124.43,Y,-2.81x,0.53x (reinvesting),0.7%,10.0%,₹686  (10× FCF),₹1652 – ₹4414  (33× – 80× FCF),9.2%,11.3%,Buy,57.5,₹5432.70,above,Not yet,₹1.3L Cr,74,PASS,"Good ROCE, Steady ROCE (4yr), Near Zero Debt, Strong Growth, Entry Quality Pass",TTM: 24%  |  2025: 24%  |  2024: 31%  |  2023: 24%  |  2022: 20%,✓ Filing 2025-12-31 (2mo old)
HBLENGINE.NS,HBL ENGINEERING LTD,Industrials,Electrical Equipment & Parts,67.8%,18.9% (4yr),0.04x,17.2% (3yr),43.4% (3yr),0.93x,0.0%,51.6%,33.2%,25.1%,23.0x,—,4.4%,7.0%,₹659.50,₹409.86,Y,-0.20x,0.00x (reinvesting),0.0%,10.0%,—,—,—,67.8%,—,44.8,₹772.97,below,Not yet,₹18281 Cr,73,PASS,"Elite ROCE, Near Zero Debt, Strong Growth, Entry Quality Pass",TTM: 68%  |  2025: 22%  |  2024: 30%  |  2023: 12%  |  2022: 12%,✓ Filing 2025-03-31 (11mo old)
TORNTPHARM.NS,Torrent Pharmaceuticals Limited,Healthcare,Drug Manufacturers - Specialty & Generic,33.1%,24.5% (4yr),0.33x,10.4% (3yr),35.0% (3yr),1.79x,0.0%,75.6%,26.7%,17.8%,63.7x,67.5x,1.6%,7.0%,₹4270.20,₹957.71,Y,0.49x,0.00x (reinvesting),0.0%,10.0%,—,—,—,33.1%,—,44.9,₹3704.67,above,Not yet,₹1.4L Cr,72,PASS,"High ROCE, Steady ROCE (4yr), Modest Debt, Strong Growth, High Cash Quality, Below Historical P/E, Entry Quality Pass",TTM: 33%  |  2025: 28%  |  2024: 27%  |  2023: 22%  |  2022: 20%,✓ Filing 2025-03-31 (11mo old)
UNITDSPR.NS,UNITED SPIRITS LIMITED,Consumer Defensive,Beverages - Wineries & Distilleries,21.3%,22.7% (4yr),0.05x,7.6% (3yr),24.1% (3yr),0.94x,0.0%,47.6%,14.1%,13.3%,53.8x,82.9x,1.9%,7.0%,₹1300.10,₹345.43,N,-1.05x,0.00x ⚠ accruals?,0.0%,10.0%,—,—,—,21.3%,—,39.8,₹1373.07,below,Not yet,₹94569 Cr,72,PASS,"Good ROCE, Steady ROCE (4yr), Near Zero Debt, Partial Growth, Below Historical P/E",TTM: 21%  |  2025: 23%  |  2024: 24%  |  2023: 18%  |  2022: 26%,✓ Filing 2025-03-31 (11mo old)
BRITANNIA.NS,Britannia Industries Limited,Consumer Defensive,Packaged Foods,64.9%,55.4% (4yr),0.58x,7.9% (3yr),12.6% (3yr),1.09x,0.0%,40.7%,18.0%,12.8%,56.2x,65.2x,1.8%,7.0%,₹5618.50,₹1428.71,Y,0.37x,0.00x (reinvesting),0.0%,10.0%,—,—,—,64.9%,—,29.2,₹5850.12,below,Ready,₹1.4L Cr,71,PASS,"Elite ROCE, Consistent ROCE (4yr), Partial Growth, High Cash Quality, Below Historical P/E, Entry Quality Pass",TTM: 65%  |  2025: 55%  |  2024: 58%  |  2023: 50%  |  2022: 59%,✓ Filing 2025-03-31 (11mo old)
ASIANPAINT.NS,Asian Paints Limited,Basic Materials,Specialty Chemicals,25.8%,27.5% (4yr),0.18x,5.3% (3yr),6.6% (3yr),0.97x,0.0%,42.9%,16.6%,11.1%,54.6x,77.7x,1.8%,7.0%,₹2195.40,₹574.00,N,-0.36x,0.00x ⚠ accruals?,0.0%,10.0%,—,—,—,25.8%,—,30.1,₹2515.35,below,Ready,₹2.1L Cr,71,PASS,"Good ROCE, Consistent ROCE (4yr), Low Debt, Below Historical P/E",TTM: 26%  |  2025: 22%  |  2024: 32%  |  2023: 31%  |  2022: 26%,✓ Filing 2025-03-31 (11mo old)
REDINGTON.NS,Redington Limited,Technology,Information Technology Services,22.4%,24.6% (4yr),0.28x,16.6% (3yr),7.8% (3yr),-0.16x,0.0%,5.1%,1.9%,1.6%,9.6x,12.6x,10.4%,7.0%,₹217.35,₹283.50,N,0.53x,0.00x ⚠ accruals?,0.0%,10.0%,—,—,—,22.4%,—,24.4,₹270.95,below,Ready,₹16992 Cr,70,PASS,"Good ROCE, Steady ROCE (4yr), Low Debt, Partial Growth, ⚠ Accruals Risk, Cheap vs History + Bonds",TTM: 22%  |  2025: 21%  |  2024: 23%  |  2023: 27%  |  2022: 27%,✓ Filing 2025-03-31 (11mo old)
IKS.NS,INVENTURUS KNOWLEDGE SO L,Healthcare,Health Information Services,37.0%,32.1% (4yr),0.34x,51.7% (3yr),27.8% (3yr),0.75x,0.0%,47.5%,30.6%,21.7%,34.2x,—,2.9%,7.0%,₹1332.80,₹556.00,Y,0.53x,0.00x (reinvesting),0.0%,10.0%,—,—,—,37.0%,—,43.4,₹1587.92,below,Not yet,₹22326 Cr,70,PASS,"High ROCE, Consistent ROCE (4yr), Modest Debt, Strong Growth, Entry Quality Pass",TTM: 37%  |  2025: 26%  |  2024: 21%  |  2023: 42%  |  2022: 39%,✓ Filing 2025-03-31 (11mo old)
COFORGE.NS,Coforge Limited,Technology,Information Technology Services,21.0%,22.1% (4yr),0.11x,23.3% (3yr),7.1% (3yr),1.30x,0.0%,41.6%,13.4%,7.9%,32.6x,68.6x,3.1%,7.0%,₹1089.30,₹477.71,N,0.18x,0.00x ⚠ accruals?,0.0%,10.0%,—,—,—,21.0%,—,31.4,₹1681.44,below,Ready,₹36591 Cr,70,PASS,"Good ROCE, Steady ROCE (4yr), Low Debt, Partial Growth, High Cash Quality, Below Historical P/E",TTM: 21%  |  2025: 13%  |  2024: 25%  |  2023: 26%  |  2022: 24%,✓ Filing 2025-03-31 (11mo old)
BERGEPAINT.NS,Berger Paints India Limited,Basic Materials,Specialty Chemicals,21.6%,25.0% (4yr),0.11x,9.8% (3yr),12.3% (3yr),1.09x,0.0%,40.8%,12.4%,9.0%,46.1x,66.6x,2.2%,7.0%,₹416.70,₹129.14,N,-0.06x,0.00x ⚠ accruals?,0.0%,10.0%,—,—,—,21.6%,—,28.9,₹529.74,below,Ready,₹48705 Cr,70,PASS,"Good ROCE, Steady ROCE (4yr), Low Debt, Partial Growth, High Cash Quality, Below Historical P/E",TTM: 22%  |  2025: 23%  |  2024: 26%  |  2023: 25%  |  2022: 26%,✓ Filing 2025-03-31 (11mo old)
SCHNEIDER.NS,Schneider Electric Infrastructure Limited,Industrials,Electrical Equipment & Parts,40.9%,27.8% (4yr),0.80x,20.1% (3yr),113.3% (3yr),1.19x,0.0%,36.7%,16.0%,8.5%,86.9x,106.6x,1.2%,7.0%,₹890.00,₹146.29,Y,0.61x,0.00x (reinvesting),0.0%,10.0%,—,—,—,40.9%,—,46.9,₹812.90,above,Not yet,₹21280 Cr,70,PASS,"Elite ROCE, Steady ROCE (4yr), Strong Growth, High Cash Quality, Below Historical P/E, Entry Quality Pass",TTM: 41%  |  2025: 32%  |  2024: 35%  |  2023: 27%  |  2022: 17%,✓ Filing 2025-03-31 (11mo old)
ELGIEQUIP.NS,Elgi Equipments Limited,Industrials,Specialty Industrial Machinery,23.9%,22.8% (4yr),0.26x,11.6% (3yr),25.2% (3yr),0.75x,0.0%,50.1%,12.2%,10.6%,37.6x,58.4x,2.7%,7.0%,₹480.05,₹182.43,Y,-0.63x,0.00x (reinvesting),0.0%,10.0%,—,—,—,23.9%,—,34.5,₹498.53,below,Ready,₹15160 Cr,70,PASS,"Good ROCE, Steady ROCE (4yr), Low Debt, Strong Growth, Below Historical P/E, Entry Quality Pass",TTM: 24%  |  2025: 23%  |  2024: 24%  |  2023: 24%  |  2022: 19%,✓ Filing 2025-03-31 (11mo old)
CAPLIPOINT.NS,Caplin Point Laboratories Limited,Healthcare,Drug Manufacturers - Specialty & Generic,22.6%,21.2% (4yr),0.00x,14.8% (3yr),21.4% (3yr),0.81x,0.0%,59.2%,31.4%,29.3%,19.9x,27.2x,5.0%,7.0%,₹1604.10,₹1150.43,N,-1.39x,0.00x ⚠ accruals?,0.0%,10.0%,—,—,—,22.6%,—,26.1,₹1962.54,below,Ready,₹12214 Cr,69,PASS,"Good ROCE, Near Zero Debt, Strong Growth, Below Historical P/E",TTM: 23%  |  2025: 20%  |  2024: 21%  |  2023: 21%  |  2022: 23%,✓ Filing 2025-03-31 (11mo old)
CHAMBLFERT.NS,Chambal Fertilisers and Chemicals Limited,Basic Materials,Agricultural Inputs,24.8%,19.3% (4yr),0.01x,1.2% (3yr),1.7% (3yr),1.44x,0.0%,36.0%,12.4%,9.4%,9.0x,13.9x,11.1%,7.0%,₹428.55,₹666.24,Y,-0.31x,0.00x (reinvesting),0.0%,10.0%,—,—,—,24.8%,—,37.9,₹490.08,below,Not yet,₹17170 Cr,69,PASS,"Good ROCE, Near Zero Debt, High Cash Quality, Cheap vs History + Bonds, Entry Quality Pass",TTM: 25%  |  2025: 21%  |  2024: 19%  |  2023: 17%  |  2022: 21%,✓ Filing 2025-03-31 (11mo old)
MARICO.NS,Marico Limited,Consumer Defensive,Household & Personal Products,33.9%,37.5% (4yr),0.14x,4.3% (3yr),10.0% (3yr),0.92x,0.0%,44.5%,15.3%,13.2%,56.2x,55.1x,1.8%,7.0%,₹744.30,₹189.29,Y,-0.51x,0.00x (reinvesting),0.0%,10.0%,—,—,—,33.9%,—,30.4,₹730.71,above,Not yet,₹96428 Cr,69,PASS,"High ROCE, Consistent ROCE (4yr), Low Debt, Entry Quality Pass",TTM: 34%  |  2025: 33%  |  2024: 38%  |  2023: 37%  |  2022: 42%,✓ Filing 2025-03-31 (11mo old)
CUMMINSIND.NS,Cummins India Limited,Industrials,Specialty Industrial Machinery,33.6%,19.9% (4yr),0.00x,19.0% (3yr),28.9% (3yr),0.77x,0.0%,36.8%,22.9%,19.3%,57.1x,51.7x,1.8%,7.0%,₹4615.30,₹1153.86,Y,-1.22x,0.00x (reinvesting),0.0%,10.0%,—,—,—,33.6%,—,40.5,₹4041.11,above,Not yet,₹1.3L Cr,68,PASS,"High ROCE, Near Zero Debt, Strong Growth, Entry Quality Pass",TTM: 34%  |  2025: 24%  |  2024: 23%  |  2023: 18%  |  2022: 14%,✓ Filing 2025-03-31 (11mo old)
GRAVITA.NS,Gravita India Limited,Industrials,Metal Fabrication,21.6%,26.6% (4yr),0.20x,20.3% (3yr),30.9% (3yr),0.60x,0.0%,19.1%,12.0%,9.3%,26.7x,43.3x,3.8%,7.0%,₹1405.20,₹752.86,N,-0.88x,0.00x ⚠ accruals?,0.0%,10.0%,—,—,—,21.6%,—,19.1,₹1700.92,below,Ready,₹10235 Cr,68,PASS,"Good ROCE, Steady ROCE (4yr), Low Debt, Strong Growth, ⚠ Accruals Risk, Below Historical P/E",TTM: 22%  |  2025: 13%  |  2024: 23%  |  2023: 28%  |  2022: 42%,✓ Filing 2025-03-31 (11mo old)
INFY.NS,Infosys Limited,Technology,Information Technology Services,28.8%,33.8% (4yr),0.11x,5.7% (3yr),2.1% (3yr),1.12x,15.8%,29.4%,18.0%,16.2%,17.5x,—,5.7%,7.0%,₹1255.90,₹1026.29,Y,-0.46x,0.98x,0.1%,10.0%,₹8  (10× FCF),—,9.9%,0.6%,Not Buy,40.8,₹1507.36,below,Not yet,₹5.1L Cr,68,PASS,"Good ROCE, Consistent ROCE (4yr), Low Debt, High Cash Quality, Entry Quality Pass",TTM: 29%  |  2025: 33%  |  2024: 32%  |  2023: 36%  |  2022: 34%,✓ Filing 2025-03-31 (11mo old)
NCC.NS,NCC Limited,Industrials,Engineering & Construction,20.4%,19.2% (4yr),0.38x,25.7% (3yr),19.3% (3yr),1.76x,0.0%,16.1%,7.8%,3.5%,12.2x,16.9x,8.2%,7.0%,₹140.59,₹164.43,N,1.18x,0.00x (reinvesting),0.0%,10.0%,—,—,—,20.4%,—,35.0,₹189.30,below,Not yet,₹8827 Cr,67,PASS,"Good ROCE, Modest Debt, Strong Growth, High Cash Quality, Cheap vs History + Bonds",TTM: 20%  |  2025: 22%  |  2024: 22%  |  2023: 19%  |  2022: 14%,✓ Filing 2025-03-31 (11mo old)
SUZLON.NS,Suzlon Energy Limited,Industrials,Specialty Industrial Machinery,33.3%,23.0% (4yr),0.05x,18.2% (3yr),— (unavailable),0.55x,0.0%,35.9%,15.6%,21.6%,17.8x,34.9x,5.6%,7.0%,₹41.95,₹33.71,N,-0.19x,0.00x ⚠ accruals?,0.0%,10.0%,—,—,—,33.3%,—,46.7,₹55.43,below,Not yet,₹57534 Cr,67,PASS,"High ROCE, Steady ROCE (4yr), Near Zero Debt, ⚠ Accruals Risk, Below Historical P/E",TTM: 33%  |  2025: 23%  |  2024: 20%  |  2023: 21%  |  2022: 28%,✓ Filing 2025-03-31 (11mo old)
CASTROLIND.NS,Castrol India Limited,Energy,Oil & Gas Refining & Marketing,71.9%,54.1% (4yr),0.03x,6.2% (3yr),5.2% (3yr),1.10x,15.6%,48.4%,24.9%,16.6%,19.5x,19.9x,5.1%,7.0%,₹187.34,₹137.00,Y,-0.84x,0.94x,5.1%,10.0%,₹102  (10× FCF),₹142 – ₹175  (14× – 18× FCF),4.6%,4.4%,Not Buy,52.6,₹198.15,below,Not yet,₹18530 Cr,66,WATCH,"Elite ROCE, Consistent ROCE (4yr), Near Zero Debt, High Cash Quality, Volatile Industry, Below Historical P/E, Entry Quality Pass",TTM: 72%  |  2025: 63%  |  2024: 50%  |  2023: 50%  |  2022: 53%,✓ Filing 2025-12-31 (2mo old)
ENGINERSIN.NS,Engineers India Limited,Industrials,Engineering & Construction,42.0%,15.5% (4yr),0.01x,1.9% (3yr),60.8% (3yr),0.17x,0.0%,26.2%,28.3%,19.3%,13.9x,26.5x,7.2%,7.0%,₹191.64,₹197.14,Y,-1.59x,0.00x (reinvesting),0.0%,10.0%,—,—,—,42.0%,—,29.0,₹202.61,below,Ready,₹10780 Cr,66,WATCH,"Elite ROCE, Near Zero Debt, Partial Growth, ⚠ Accruals Risk, Cheap vs History + Bonds, Entry Quality Pass",TTM: 42%  |  2025: 18%  |  2024: 11%  |  2023: 14%  |  2022: 18%,✓ Filing 2025-03-31 (11mo old)
BLUESTARCO.NS,Blue Star Limited,Industrials,Building Products & Equipment,22.3%,22.7% (4yr),0.33x,25.5% (3yr),52.2% (3yr),0.83x,0.0%,23.0%,6.0%,4.0%,70.9x,72.3x,1.4%,7.0%,₹1708.60,₹344.14,Y,0.71x,0.00x (reinvesting),0.0%,10.0%,—,—,—,22.3%,—,31.5,₹1823.02,below,Ready,₹35127 Cr,65,PASS,"Good ROCE, Steady ROCE (4yr), Modest Debt, Strong Growth, Below Historical P/E, Entry Quality Pass",TTM: 22%  |  2025: 24%  |  2024: 21%  |  2023: 26%  |  2022: 20%,✓ Filing 2025-03-31 (11mo old)
HDFCAMC.NS,HDFC Asset Management Company Limited,Financial Services,Asset Management,44.6%,27.6% (4yr),Neg. Equity / N/A,18.3% (3yr),20.9% (3yr),0.84x,0.0%,89.8%,82.4%,62.7%,35.7x,46.5x,2.8%,7.0%,₹2385.90,₹954.43,Y,-0.01x,0.00x (reinvesting),0.0%,10.0%,—,—,—,44.6%,—,27.2,₹2683.02,below,Ready,₹1.0L Cr,65,PASS,"Elite ROCE, Consistent ROCE (4yr), High Debt, Strong Growth, Below Historical P/E, Entry Quality Pass",TTM: 45%  |  2025: 32%  |  2024: 26%  |  2023: 25%  |  2022: 27%,✓ Filing 2025-03-31 (11mo old)
HINDUNILVR.NS,Hindustan Unilever Limited,Consumer Defensive,Household & Personal Products,21.6%,20.7% (4yr),0.04x,6.5% (3yr),6.2% (3yr),1.16x,0.0%,50.9%,21.0%,22.3%,48.3x,59.5x,2.1%,7.0%,₹2082.70,₹615.86,Y,-0.45x,0.00x (reinvesting),0.0%,10.0%,—,—,—,21.6%,—,12.9,₹2409.91,below,Ready,₹4.9L Cr,65,PASS,"Good ROCE, Near Zero Debt, High Cash Quality, Below Historical P/E, Entry Quality Pass",TTM: 22%  |  2025: 21%  |  2024: 20%  |  2023: 21%  |  2022: 20%,✓ Filing 2025-03-31 (11mo old)
CLEAN.NS,Clean Science and Technology Limited,Basic Materials,Specialty Chemicals,16.1%,28.8% (4yr),0.00x,11.9% (3yr),5.0% (3yr),0.83x,0.0%,61.9%,24.1%,25.3%,30.2x,61.5x,3.3%,7.0%,₹698.60,₹330.29,N,-1.02x,0.00x ⚠ accruals?,0.0%,10.0%,—,—,—,16.1%,—,40.7,₹1048.73,below,Not yet,₹7427 Cr,65,WATCH,"Consistent ROCE (4yr), Near Zero Debt, Partial Growth",TTM: 16%  |  2025: 22%  |  2024: 23%  |  2023: 35%  |  2022: 35%,✓ Filing 2025-03-31 (11mo old)
SUNPHARMA.NS,Sun Pharmaceutical Industries Limited,Healthcare,Drug Manufacturers - Specialty & Generic,20.1%,15.7% (4yr),0.07x,10.6% (3yr),49.5% (3yr),1.24x,0.0%,78.5%,26.2%,19.2%,39.1x,46.5x,2.6%,7.0%,₹1777.10,₹649.86,Y,-1.41x,0.00x (reinvesting),0.0%,10.0%,—,—,—,20.1%,—,58.7,₹1684.47,above,Not yet,₹4.3L Cr,64,WATCH,"Good ROCE, Near Zero Debt, Strong Growth, High Cash Quality, Below Historical P/E, Entry Quality Pass",TTM: 20%  |  2025: 17%  |  2024: 15%  |  2023: 15%  |  2022: 15%,✓ Filing 2025-03-31 (11mo old)
KPRMILL.NS,K.P.R. Mill Limited,Consumer Cyclical,Textile Manufacturing,20.9%,24.4% (4yr),0.06x,9.5% (3yr),-1.1% (3yr),0.88x,0.0%,37.4%,16.4%,12.7%,33.3x,39.4x,3.0%,7.0%,₹823.10,₹352.71,N,-0.99x,0.00x ⚠ accruals?,0.0%,10.0%,—,—,—,20.9%,—,37.7,₹1013.31,below,Not yet,₹28193 Cr,64,PASS,"Good ROCE, Steady ROCE (4yr), Near Zero Debt, ⚠ Declining Growth, Below Historical P/E",TTM: 21%  |  2025: 20%  |  2024: 22%  |  2023: 26%  |  2022: 29%,✓ Filing 2025-03-31 (11mo old)
3MINDIA.NS,3M India Limited,Industrials,Conglomerates,43.4%,29.6% (4yr),0.06x,10.0% (3yr),20.5% (3yr),1.00x,0.0%,42.3%,17.5%,7.7%,96.2x,87.5x,1.0%,7.0%,₹32270.00,₹4794.43,Y,-0.55x,0.00x (reinvesting),0.0%,10.0%,—,—,—,43.4%,—,18.3,₹32266.03,above,Not yet,₹36352 Cr,64,WATCH,"Elite ROCE, Steady ROCE (4yr), Near Zero Debt, Strong Growth, High Cash Quality, Conglomerate — Avoid, Entry Quality Pass",TTM: 43%  |  2025: 37%  |  2024: 33%  |  2023: 33%  |  2022: 15%,✓ Filing 2025-03-31 (11mo old)
MCX.NS,Multi Commodity Exchange of India Limited,Financial Services,Financial Data & Stock Exchanges,45.2%,9.0% (4yr),0.00x,44.5% (3yr),57.5% (3yr),2.06x,0.0%,95.3%,72.4%,51.7%,97.1x,101.2x,1.0%,7.0%,₹2414.50,₹355.29,Y,-1.89x,0.00x (reinvesting),0.0%,10.0%,—,—,—,45.2%,—,48.0,₹1928.52,above,Not yet,₹61452 Cr,63,WATCH,"Elite ROCE, ROCE Volatile, Near Zero Debt, Strong Growth, High Cash Quality, Below Historical P/E, Entry Quality Pass",TTM: 45%  |  2025: 21%  |  2024: 1%  |  2023: 6%  |  2022: 7%,✓ Filing 2025-03-31 (11mo old)
MAZDOCK.NS,Mazagon Dock Shipbuilders Limited,Industrials,Aerospace & Defense,33.3%,17.3% (4yr),0.00x,25.1% (3yr),58.1% (3yr),0.68x,0.0%,38.9%,24.0%,19.5%,38.9x,41.5x,2.6%,7.0%,₹2324.10,₹853.29,Y,-6.53x,0.00x (reinvesting),0.0%,10.0%,—,—,—,33.3%,—,55.1,₹2713.43,below,Not yet,₹93750 Cr,63,WATCH,"High ROCE, Near Zero Debt, Strong Growth, Below Historical P/E, Entry Quality Pass",TTM: 33%  |  2025: 28%  |  2024: 20%  |  2023: 14%  |  2022: 8%,✓ Filing 2025-03-31 (11mo old)
BAJAJHLDNG.NS,Bajaj Holdings & Investment Limited,Financial Services,Asset Management,125.6%,,0.00x,16.3% (3yr),17.2% (3yr),0.15x,0.0%,99.2%,83.7%,735.3%,12.0x,18.1x,8.3%,7.0%,₹9512.00,₹11278.57,Y,-0.92x,0.00x (reinvesting),0.0%,10.0%,—,—,—,125.6%,—,19.2,₹12257.91,below,Ready,₹1.1L Cr,63,PASS,"Elite ROCE, Near Zero Debt, Strong Growth, ⚠ Accruals Risk, Cheap vs History + Bonds, Entry Quality Pass",,✓ Filing 2025-03-31 (11mo old)
IGIL.NS,International Gemmological Institute (India) Limited,Basic Materials,Other Precious Metals & Mining,44.6%,59.6% (3yr),0.10x,36.4% (3yr),30.0% (3yr),0.91x,12.7%,77.3%,56.1%,43.3%,28.6x,—,3.5%,7.0%,₹338.45,₹169.29,Y,-0.44x,0.29x (reinvesting),1.1%,10.0%,₹44  (10× FCF),₹128 – ₹370  (33× – 80× FCF),8.8%,31.5%,Buy,55.1,₹343.57,below,Not yet,₹14626 Cr,62,WATCH,"Elite ROCE, Consistent ROCE (3yr), Low Debt, Strong Growth, Volatile Industry, Entry Quality Pass",TTM: 45%  |  2025: 45%  |  2024: 47%  |  2022: 87%,✓ Filing 2025-12-31 (2mo old)
TARIL.NS,TRANS & RECTI. LTD,Industrials,Electrical Equipment & Parts,27.5%,19.8% (4yr),0.27x,20.2% (3yr),148.4% (3yr),0.69x,0.0%,33.0%,15.9%,11.2%,31.8x,59.9x,3.1%,7.0%,₹285.15,₹128.29,Y,-0.07x,0.00x (reinvesting),0.0%,10.0%,—,—,—,27.5%,—,40.4,₹398.21,below,Not yet,₹8559 Cr,62,PASS,"Good ROCE, Low Debt, Strong Growth, Below Historical P/E, Entry Quality Pass",TTM: 28%  |  2025: 22%  |  2024: 19%  |  2023: 21%  |  2022: 16%,✓ Filing 2025-03-31 (11mo old)
BSOFT.NS,Birlasoft Limited,Technology,Information Technology Services,26.8%,21.3% (4yr),0.04x,9.2% (3yr),3.7% (3yr),1.11x,0.0%,38.6%,18.6%,8.8%,21.5x,24.7x,4.7%,7.0%,₹358.05,₹237.86,N,-2.48x,0.00x ⚠ accruals?,0.0%,10.0%,—,—,—,26.8%,—,33.4,₹396.01,below,Ready,₹10007 Cr,62,PASS,"Good ROCE, Near Zero Debt, High Cash Quality, Below Historical P/E",TTM: 27%  |  2025: 17%  |  2024: 29%  |  2023: 18%  |  2022: 21%,✓ Filing 2025-03-31 (11mo old)
KEI.NS,KEI Industries Limited,Industrials,Electrical Equipment & Parts,19.1%,22.4% (4yr),0.04x,19.1% (3yr),22.8% (3yr),0.62x,0.0%,23.0%,10.1%,7.7%,46.5x,64.9x,2.1%,7.0%,₹4188.00,₹1286.29,N,-1.17x,0.00x ⚠ accruals?,0.0%,10.0%,—,—,—,19.1%,—,22.6,₹4118.78,above,Not yet,₹40038 Cr,62,WATCH,"Steady ROCE (4yr), Near Zero Debt, Strong Growth",TTM: 19%  |  2025: 16%  |  2024: 25%  |  2023: 25%  |  2022: 25%,✓ Filing 2025-03-31 (11mo old)
AIIL.NS,Authum Investment & Infrastructure Limited,Financial Services,Capital Markets,17.3%,34.1% (4yr),0.20x,47.1% (3yr),85.1% (3yr),0.31x,0.0%,98.7%,78.8%,110.1%,11.5x,12.5x,8.7%,7.0%,₹492.20,₹536.66,N,0.51x,0.00x (reinvesting),0.0%,10.0%,—,—,—,17.3%,—,51.8,₹558.16,below,Not yet,₹41799 Cr,61,WATCH,"Consistent ROCE (4yr), Low Debt, Strong Growth, ⚠ Accruals Risk",TTM: 17%  |  2025: 28%  |  2024: 56%  |  2023: 26%  |  2022: 27%,✓ Filing 2025-03-31 (11mo old)
NBCC.NS,NBCC (India) Limited,Industrials,Engineering & Construction,30.4%,19.3% (4yr),0.00x,15.4% (3yr),34.1% (3yr),0.25x,0.0%,10.3%,6.6%,5.0%,34.7x,60.7x,2.9%,7.0%,₹83.91,₹34.57,Y,-8.25x,0.00x (reinvesting),0.0%,10.0%,—,—,—,30.4%,—,35.4,₹108.39,below,Not yet,₹22656 Cr,61,WATCH,"High ROCE, Near Zero Debt, Strong Growth, ⚠ Accruals Risk, Below Historical P/E, Entry Quality Pass",TTM: 30%  |  2025: 29%  |  2024: 20%  |  2023: 17%  |  2022: 11%,✓ Filing 2025-03-31 (11mo old)
TITAN.NS,Titan Company Limited,Consumer Cyclical,Luxury Goods,50.2%,31.4% (4yr),2.23x,28.0% (3yr),15.4% (3yr),0.15x,0.0%,21.3%,9.9%,6.3%,76.3x,105.0x,1.3%,7.0%,₹4106.60,₹768.57,N,3.34x,0.00x (reinvesting),0.0%,10.0%,—,—,—,50.2%,—,35.6,₹3774.93,above,Not yet,₹3.6L Cr,61,WATCH,"Elite ROCE, Consistent ROCE (4yr), High Debt, Strong Growth, ⚠ Accruals Risk, Below Historical P/E",TTM: 50%  |  2025: 34%  |  2024: 31%  |  2023: 33%  |  2022: 28%,✓ Filing 2025-03-31 (11mo old)
MPHASIS.NS,Mphasis Limited,Technology,Information Technology Services,22.3%,21.6% (4yr),0.24x,6.0% (3yr),6.0% (3yr),1.15x,10.9%,43.1%,15.2%,11.7%,22.2x,31.3x,4.5%,7.0%,₹2091.10,₹1347.29,Y,-0.21x,0.93x,4.3%,10.0%,₹906  (10× FCF),₹1746 – ₹2175  (20× – 24× FCF),5.5%,1.6%,Not Buy,26.9,₹2715.11,below,Ready,₹39870 Cr,60,WATCH,"Good ROCE, Low Debt, High Cash Quality, Below Historical P/E, Entry Quality Pass",TTM: 22%  |  2025: 21%  |  2024: 19%  |  2023: 24%  |  2022: 23%,✓ Filing 2025-03-31 (11mo old)
HYUNDAI.NS,HYUNDAI MOTOR INDIA LTD,Consumer Cyclical,Auto Manufacturers,29.9%,32.3% (4yr),0.05x,13.5% (3yr),24.8% (3yr),1.31x,0.0%,28.7%,8.1%,8.3%,27.4x,33.1x,3.6%,7.0%,₹1951.00,₹1017.29,Y,-0.64x,0.00x (reinvesting),0.0%,10.0%,—,—,—,29.9%,—,26.6,₹2265.28,below,Ready,₹1.6L Cr,60,WATCH,"Good ROCE, Steady ROCE (4yr), Near Zero Debt, Strong Growth, High Cash Quality, Volatile Industry, Below Historical P/E, Entry Quality Pass",TTM: 30%  |  2025: 36%  |  2024: 52%  |  2023: 24%  |  2022: 17%,✓ Filing 2025-03-31 (11mo old)
TATATECH.NS,Tata Technologies Limited,Technology,Information Technology Services,15.1%,22.4% (4yr),0.07x,13.5% (3yr),15.7% (3yr),0.56x,0.0%,25.1%,11.5%,10.2%,41.3x,52.4x,2.4%,7.0%,₹539.65,₹186.57,N,-1.03x,0.00x (reinvesting),0.0%,10.0%,—,—,—,15.1%,—,33.7,₹670.98,below,Ready,₹21909 Cr,60,WATCH,"Steady ROCE (4yr), Near Zero Debt, Strong Growth, ⚠ Accruals Risk",TTM: 15%  |  2025: 20%  |  2024: 24%  |  2023: 23%  |  2022: 22%,✓ Filing 2025-03-31 (11mo old)
LODHA.NS,Lodha Developers Limited,Real Estate,Real Estate - Development,20.9%,18.0% (4yr),0.45x,14.3% (3yr),32.0% (3yr),1.47x,0.0%,41.2%,28.2%,20.4%,23.8x,45.0x,4.2%,7.0%,₹796.90,₹478.14,N,1.29x,0.00x ⚠ accruals?,0.0%,10.0%,—,—,—,20.9%,—,11.5,₹1172.24,below,Ready,₹79590 Cr,60,WATCH,"Good ROCE, Modest Debt, Strong Growth, High Cash Quality, Below Historical P/E",TTM: 21%  |  2025: 17%  |  2024: 21%  |  2023: 13%  |  2022: 21%,✓ Filing 2025-03-31 (11mo old)
HCLTECH.NS,HCL Technologies Limited,Technology,Information Technology Services,0.3%,44.9% (4yr),0.10x,11.0% (3yr),8.8% (3yr),1.30x,12.9%,34.3%,18.6%,13.0%,22.0x,25.1x,4.5%,7.0%,₹1333.70,₹866.86,N,-0.95x,0.99x,0.1%,10.0%,₹8  (10× FCF),₹11 – ₹13  (14× – 17× FCF),9.9%,0.0%,Not Buy,36.7,₹1537.35,below,Not yet,₹3.6L Cr,60,WATCH,"Consistent ROCE (4yr), Near Zero Debt, Partial Growth, High Cash Quality",TTM: 0%  |  2025: 47%  |  2024: 45%  |  2023: 46%  |  2022: 41%,✓ Filing 2025-03-31 (11mo old)
COROMANDEL.NS,Coromandel International Limited,Basic Materials,Agricultural Inputs,19.0%,27.0% (4yr),0.12x,9.0% (3yr),10.6% (3yr),0.90x,0.0%,24.6%,7.4%,7.9%,23.5x,32.2x,4.3%,7.0%,₹1911.00,₹1160.29,N,-0.91x,0.00x ⚠ accruals?,0.0%,10.0%,—,—,—,19.0%,—,24.9,₹2274.37,below,Ready,₹56321 Cr,60,WATCH,"Consistent ROCE (4yr), Low Debt, Partial Growth",TTM: 19%  |  2025: 20%  |  2024: 22%  |  2023: 35%  |  2022: 31%,✓ Filing 2025-03-31 (11mo old)
ASTRAZEN.NS,AstraZeneca Pharma India Limited,Healthcare,Drug Manufacturers - Specialty & Generic,17.9%,22.1% (4yr),0.04x,28.6% (3yr),23.4% (3yr),0.58x,0.0%,42.5%,6.7%,9.2%,103.1x,138.2x,1.0%,7.0%,₹8321.00,₹1153.00,N,-1.23x,0.00x (reinvesting),0.0%,10.0%,—,—,—,17.9%,—,28.8,₹8961.81,below,Ready,₹20802 Cr,60,WATCH,"Steady ROCE (4yr), Near Zero Debt, Strong Growth, ⚠ Accruals Risk",TTM: 18%  |  2025: 26%  |  2024: 24%  |  2023: 25%  |  2022: 13%,✓ Filing 2025-03-31 (11mo old)
INDGN.NS,INDEGENE LIMITED,Healthcare,Health Information Services,15.0%,21.6% (4yr),0.04x,19.5% (3yr),35.1% (3yr),1.17x,0.0%,98.1%,12.7%,13.5%,24.2x,42.9x,4.1%,7.0%,₹440.65,₹260.00,N,-2.08x,0.00x ⚠ accruals?,0.0%,10.0%,—,—,—,15.0%,—,24.9,₹534.62,below,Ready,₹10590 Cr,59,WATCH,"Near Zero Debt, Strong Growth, High Cash Quality",TTM: 15%  |  2025: 16%  |  2024: 22%  |  2023: 20%  |  2022: 28%,✓ Filing 2025-03-31 (11mo old)
KALYANKJIL.NS,Kalyan Jewellers India Limited,Consumer Cyclical,Luxury Goods,31.1%,19.2% (4yr),1.00x,32.3% (3yr),47.2% (3yr),1.93x,0.0%,13.2%,6.2%,3.6%,34.9x,84.0x,2.9%,7.0%,₹382.70,₹156.43,N,2.33x,0.00x (reinvesting),0.0%,10.0%,—,—,—,31.1%,—,34.2,₹491.39,below,Ready,₹39540 Cr,59,WATCH,"High ROCE, Strong Growth, High Cash Quality, Below Historical P/E",TTM: 31%  |  2025: 20%  |  2024: 20%  |  2023: 21%  |  2022: 17%,✓ Filing 2025-03-31 (11mo old)
KIRLOSBROS.NS,Kirloskar Brothers Limited,Industrials,Specialty Industrial Machinery,19.9%,19.9% (4yr),0.10x,13.9% (3yr),63.9% (3yr),1.10x,0.0%,51.3%,10.4%,9.1%,31.1x,30.8x,3.2%,7.0%,₹1561.40,₹718.29,N,-0.75x,0.00x (reinvesting),0.0%,10.0%,—,—,—,19.9%,—,47.9,₹1811.20,below,Not yet,₹12401 Cr,59,WATCH,"Near Zero Debt, Strong Growth, High Cash Quality",TTM: 20%  |  2025: 23%  |  2024: 25%  |  2023: 21%  |  2022: 11%,✓ Filing 2025-03-31 (11mo old)
RRKABEL.NS,R R Kabel Limited,Industrials,Electrical Equipment & Parts,28.3%,19.2% (4yr),0.17x,20.3% (3yr),13.4% (3yr),1.37x,0.0%,18.4%,7.1%,5.0%,34.7x,54.3x,2.9%,7.0%,₹1391.40,₹572.43,Y,0.53x,0.00x (reinvesting),0.0%,10.0%,—,—,—,28.3%,—,31.4,₹1361.90,above,Not yet,₹15737 Cr,59,WATCH,"Good ROCE, Low Debt, Strong Growth, High Cash Quality, Below Historical P/E, Entry Quality Pass",TTM: 28%  |  2025: 19%  |  2024: 21%  |  2023: 18%  |  2022: 20%,✓ Filing 2025-03-31 (11mo old)
SUPREMEIND.NS,The Supreme Industries Limited,Industrials,Building Products & Equipment,13.9%,22.2% (4yr),0.06x,10.2% (3yr),-0.3% (3yr),0.98x,0.0%,31.0%,7.6%,7.6%,59.9x,55.4x,1.7%,7.0%,₹3834.40,₹914.71,N,0.02x,0.00x ⚠ accruals?,0.0%,10.0%,—,—,—,13.9%,—,42.6,₹3975.20,below,Not yet,₹48728 Cr,59,WATCH,"Steady ROCE (4yr), Near Zero Debt, Partial Growth",TTM: 14%  |  2025: 19%  |  2024: 24%  |  2023: 21%  |  2022: 26%,✓ Filing 2025-03-31 (11mo old)
MSUMI.NS,Motherson Sumi Wiring India Limited,Consumer Cyclical,Auto Parts,39.6%,43.2% (4yr),0.14x,18.4% (3yr),13.8% (3yr),0.39x,0.0%,32.4%,7.2%,5.9%,39.3x,54.6x,2.5%,7.0%,₹36.98,₹13.43,Y,0.20x,0.00x (reinvesting),0.0%,10.0%,—,—,—,39.6%,—,11.0,₹43.91,below,Ready,₹24524 Cr,58,WATCH,"High ROCE, Consistent ROCE (4yr), Low Debt, Strong Growth, ⚠ Accruals Risk, Volatile Industry, Below Historical P/E, Entry Quality Pass",TTM: 40%  |  2025: 42%  |  2024: 44%  |  2023: 41%  |  2022: 46%,✓ Filing 2025-03-31 (11mo old)
NATIONALUM.NS,National Aluminium Company Limited,Basic Materials,Aluminum,39.4%,22.3% (4yr),0.00x,5.8% (3yr),21.3% (3yr),1.16x,0.0%,70.8%,42.2%,33.9%,11.0x,15.3x,9.1%,7.0%,₹368.50,₹477.43,Y,-0.95x,0.00x (reinvesting),0.0%,10.0%,—,—,—,39.4%,—,54.4,₹255.15,above,Not yet,₹67755 Cr,58,WATCH,"High ROCE, Near Zero Debt, Partial Growth, High Cash Quality, Volatile Industry, Cheap vs History + Bonds, Entry Quality Pass",TTM: 39%  |  2025: 35%  |  2024: 13%  |  2023: 13%  |  2022: 28%,✓ Filing 2025-03-31 (11mo old)
DATAPATTNS.NS,Data Patterns (India) Limited,Industrials,Aerospace & Defense,26.9%,17.0% (4yr),0.00x,31.6% (3yr),33.1% (3yr),0.14x,0.0%,53.0%,43.1%,25.3%,73.0x,75.9x,1.4%,7.0%,₹3230.80,₹632.29,N,-1.00x,0.00x ⚠ accruals?,0.0%,10.0%,—,—,—,26.9%,—,50.9,₹2781.60,above,Not yet,₹18087 Cr,57,WATCH,"Good ROCE, Near Zero Debt, Strong Growth, ⚠ Accruals Risk, Below Historical P/E",TTM: 27%  |  2025: 17%  |  2024: 15%  |  2023: 13%  |  2022: 23%,✓ Filing 2025-03-31 (11mo old)
GODFRYPHLP.NS,Godfrey Phillips India Limited,Consumer Defensive,Tobacco,21.3%,17.0% (4yr),0.03x,28.1% (3yr),34.8% (3yr),0.52x,0.0%,41.0%,19.1%,20.8%,23.9x,30.4x,4.2%,7.0%,₹1991.50,₹1189.14,Y,-0.71x,0.00x (reinvesting),0.0%,10.0%,—,—,—,21.3%,—,38.5,₹2812.76,below,Not yet,₹31064 Cr,57,WATCH,"Good ROCE, Near Zero Debt, Strong Growth, ⚠ Accruals Risk, Below Historical P/E, Entry Quality Pass",TTM: 21%  |  2025: 19%  |  2024: 17%  |  2023: 17%  |  2022: 15%,✓ Filing 2025-03-31 (11mo old)
KSB.NS,KSB Limited,Industrials,Specialty Industrial Machinery,22.2%,17.8% (4yr),0.00x,14.2% (3yr),14.0% (3yr),0.51x,-1.0%,46.0%,14.5%,10.0%,50.2x,53.7x,2.0%,7.0%,₹782.30,₹222.43,N,-0.74x,-0.10x ⚠ neg FCF,-0.2%,10.0%,₹0  (10× FCF),—,10.2%,22.2%,Buy,53.4,₹786.85,below,Not yet,₹13615 Cr,57,WATCH,"Good ROCE, Near Zero Debt, Strong Growth, ⚠ Accruals Risk, Below Historical P/E",TTM: 22%  |  2025: 18%  |  2024: 18%  |  2023: 18%  |  2022: 17%,✓ Filing 2025-12-31 (2mo old)
POWERINDIA.NS,Hitachi Energy India Limited,Industrials,Electrical Equipment & Parts,27.6%,17.7% (4yr),0.02x,9.3% (3yr),23.6% (3yr),1.92x,0.0%,40.0%,16.3%,11.5%,131.6x,—,0.8%,7.0%,₹25025.00,₹2717.00,N,-4.44x,0.00x ⚠ accruals?,0.0%,10.0%,—,—,—,27.6%,—,45.3,₹19912.94,above,Not yet,₹1.1L Cr,56,WATCH,"Good ROCE, Near Zero Debt, Partial Growth, High Cash Quality",TTM: 28%  |  2025: 12%  |  2024: 19%  |  2023: 17%  |  2021: 23%,✓ Filing 2025-03-31 (11mo old)
BAYERCROP.NS,Bayer CropScience Limited,Basic Materials,Agricultural Inputs,17.2%,27.1% (4yr),0.03x,5.1% (3yr),-4.2% (3yr),0.75x,0.0%,39.5%,9.2%,11.9%,31.6x,32.8x,3.2%,7.0%,₹4717.50,₹2129.57,N,-0.77x,0.00x ⚠ accruals?,0.0%,10.0%,—,—,—,17.2%,—,52.4,₹4999.37,below,Not yet,₹21214 Cr,55,WATCH,"Consistent ROCE (4yr), Near Zero Debt, ⚠ Declining Growth",TTM: 17%  |  2025: 20%  |  2024: 30%  |  2023: 30%  |  2022: 28%,✓ Filing 2025-03-31 (11mo old)
EMCURE.NS,EMCURE PHARMACEUTICALS L,Healthcare,Drug Manufacturers - Specialty & Generic,23.9%,25.1% (4yr),0.34x,10.6% (3yr),1.0% (3yr),1.46x,0.0%,59.1%,15.0%,9.8%,32.2x,55.0x,3.1%,7.0%,₹1478.20,₹656.71,N,0.69x,0.00x ⚠ accruals?,0.0%,10.0%,—,—,—,23.9%,—,52.2,₹1401.74,above,Not yet,₹28025 Cr,55,WATCH,"Good ROCE, Modest Debt, Partial Growth, High Cash Quality, Below Historical P/E",TTM: 24%  |  2025: 19%  |  2024: 20%  |  2023: 26%  |  2022: 35%,✓ Filing 2025-03-31 (11mo old)
VBL.NS,Varun Beverages Limited,Consumer Defensive,Beverages - Non-Alcoholic,1.4%,24.5% (4yr),0.13x,17.3% (3yr),26.6% (3yr),1.21x,-0.5%,55.2%,1.3%,14.0%,44.7x,81.0x,2.2%,7.0%,₹401.45,₹128.43,N,0.10x,-0.03x ⚠ neg FCF,-0.1%,10.0%,—,—,10.1%,1.4%,Not Buy,28.3,₹469.66,below,Ready,₹1.4L Cr,54,WATCH,"Steady ROCE (4yr), Low Debt, Strong Growth, High Cash Quality",TTM: 1%  |  2025: 18%  |  2024: 22%  |  2023: 28%  |  2022: 30%,✓ Filing 2025-12-31 (2mo old)
HAVELLS.NS,Havells India Limited,Industrials,Electrical Equipment & Parts,18.1%,20.0% (4yr),0.03x,16.0% (3yr),7.2% (3yr),1.15x,0.0%,32.8%,7.3%,6.6%,54.1x,78.9x,1.8%,7.0%,₹1281.20,₹338.57,N,-0.55x,0.00x (reinvesting),0.0%,10.0%,—,—,—,18.1%,—,33.2,₹1464.71,below,Ready,₹80369 Cr,54,WATCH,"Near Zero Debt, Partial Growth, High Cash Quality",TTM: 18%  |  2025: 20%  |  2024: 19%  |  2023: 18%  |  2022: 22%,✓ Filing 2025-03-31 (11mo old)
BASF.NS,BASF India Limited,Basic Materials,Specialty Chemicals,13.9%,22.6% (4yr),0.04x,5.2% (3yr),-7.0% (3yr),1.00x,0.0%,15.7%,3.5%,2.5%,37.9x,35.8x,2.6%,7.0%,₹3312.20,₹1249.14,N,-0.07x,0.00x ⚠ accruals?,0.0%,10.0%,—,—,—,13.9%,—,40.8,₹4322.82,below,Not yet,₹14337 Cr,54,WATCH,"Steady ROCE (4yr), Near Zero Debt, ⚠ Declining Growth, High Cash Quality",TTM: 14%  |  2025: 16%  |  2024: 22%  |  2023: 20%  |  2022: 32%,✓ Filing 2025-03-31 (11mo old)
APLAPOLLO.NS,APL Apollo Tubes Limited,Basic Materials,Steel,31.0%,23.4% (4yr),0.16x,16.6% (3yr),6.9% (3yr),1.33x,0.0%,15.5%,7.1%,5.3%,48.1x,66.0x,2.1%,7.0%,₹1973.10,₹586.29,N,-0.36x,0.00x ⚠ accruals?,0.0%,10.0%,—,—,—,31.0%,—,30.7,₹1820.02,above,Not yet,₹54793 Cr,54,WATCH,"High ROCE, Steady ROCE (4yr), Low Debt, Partial Growth, High Cash Quality, Volatile Industry, Below Historical P/E",TTM: 31%  |  2025: 20%  |  2024: 22%  |  2023: 24%  |  2022: 28%,✓ Filing 2025-03-31 (11mo old)
ELECON.NS,Elecon Engineering Company Limited,Industrials,Specialty Industrial Machinery,16.4%,21.7% (4yr),0.11x,22.6% (3yr),43.5% (3yr),1.16x,0.0%,43.4%,14.9%,19.9%,18.1x,39.9x,5.5%,7.0%,₹389.85,₹306.86,N,-1.11x,0.00x (reinvesting),0.0%,10.0%,—,—,—,16.4%,—,39.0,₹528.55,below,Not yet,₹8748 Cr,54,WATCH,"Low Debt, Strong Growth, High Cash Quality",TTM: 16%  |  2025: 22%  |  2024: 25%  |  2023: 22%  |  2022: 17%,✓ Filing 2025-03-31 (11mo old)
GRANULES.NS,Granules India Limited,Healthcare,Drug Manufacturers - Specialty & Generic,20.3%,20.1% (4yr),0.45x,6.1% (3yr),6.7% (3yr),1.29x,0.0%,61.9%,16.9%,10.7%,26.2x,29.6x,3.8%,7.0%,₹590.95,₹321.71,N,1.16x,0.00x ⚠ accruals?,0.0%,10.0%,—,—,—,20.3%,—,52.7,₹539.97,above,Not yet,₹14644 Cr,53,WATCH,"Good ROCE, Modest Debt, High Cash Quality, Below Historical P/E",TTM: 20%  |  2025: 17%  |  2024: 19%  |  2023: 24%  |  2022: 20%,✓ Filing 2025-03-31 (11mo old)
ANGELONE.NS,Angel One Limited,Financial Services,Capital Markets,23.6%,37.9% (4yr),0.76x,28.6% (3yr),23.3% (3yr),-0.22x,0.0%,84.8%,30.7%,17.5%,28.2x,23.1x,3.5%,7.0%,₹231.32,₹117.00,N,-5.30x,0.00x ⚠ accruals?,0.0%,10.0%,—,—,—,23.6%,—,48.6,₹253.60,below,Not yet,₹21028 Cr,53,WATCH,"Good ROCE, Steady ROCE (4yr), Strong Growth, ⚠ Accruals Risk",TTM: 24%  |  2025: 20%  |  2024: 37%  |  2023: 46%  |  2022: 49%,✓ Filing 2025-03-31 (11mo old)
GRSE.NS,Garden Reach Shipbuilders & Engineers Limited,Industrials,Aerospace & Defense,24.9%,11.8% (4yr),0.01x,42.7% (3yr),40.7% (3yr),0.31x,0.0%,18.1%,8.4%,10.6%,37.9x,51.2x,2.6%,7.0%,₹2280.80,₹860.14,Y,-4.78x,0.00x (reinvesting),0.0%,10.0%,—,—,—,24.9%,—,40.7,₹2598.66,below,Not yet,₹26131 Cr,52,WATCH,"Good ROCE, Near Zero Debt, Strong Growth, ⚠ Accruals Risk, Below Historical P/E, Entry Quality Pass",TTM: 25%  |  2025: 19%  |  2024: 12%  |  2023: 8%  |  2022: 8%,✓ Filing 2025-03-31 (11mo old)
ALKEM.NS,Alkem Laboratories Limited,Healthcare,Drug Manufacturers - Specialty & Generic,20.4%,16.4% (4yr),0.17x,6.8% (3yr),9.6% (3yr),1.01x,0.0%,62.9%,19.6%,16.6%,26.5x,36.9x,3.8%,7.0%,₹5257.50,₹2831.57,N,-0.99x,0.00x ⚠ accruals?,0.0%,10.0%,—,—,—,20.4%,—,30.0,₹5349.18,below,Ready,₹62861 Cr,52,WATCH,"Good ROCE, Low Debt, High Cash Quality, Below Historical P/E",TTM: 20%  |  2025: 16%  |  2024: 17%  |  2023: 13%  |  2022: 19%,✓ Filing 2025-03-31 (11mo old)
PETRONET.NS,Petronet LNG Limited,Energy,Oil & Gas Refining & Marketing,20.4%,22.2% (4yr),0.12x,5.9% (3yr),4.9% (3yr),1.06x,0.0%,13.2%,10.2%,7.8%,10.6x,10.7x,9.4%,7.0%,₹257.65,₹260.02,N,-2.00x,0.00x ⚠ accruals?,0.0%,10.0%,—,—,—,20.4%,—,27.4,₹281.69,below,Ready,₹38648 Cr,52,WATCH,"Good ROCE, Steady ROCE (4yr), Low Debt, High Cash Quality, Volatile Industry, Cheap vs History + Bonds",TTM: 20%  |  2025: 21%  |  2024: 21%  |  2023: 22%  |  2022: 25%,✓ Filing 2025-03-31 (11mo old)
LTFOODS.NS,LT Foods Limited,Consumer Defensive,Packaged Foods,20.9%,18.4% (4yr),0.43x,17.0% (3yr),27.5% (3yr),1.05x,0.0%,34.7%,9.0%,6.3%,20.2x,22.3x,4.9%,7.0%,₹378.45,₹267.57,N,1.07x,0.00x (reinvesting),0.0%,10.0%,—,—,—,20.9%,—,43.9,₹422.54,below,Not yet,₹13149 Cr,52,WATCH,"Good ROCE, Modest Debt, Strong Growth, High Cash Quality, Below Historical P/E",TTM: 21%  |  2025: 18%  |  2024: 20%  |  2023: 17%  |  2022: 18%,✓ Filing 2025-03-31 (11mo old)
HEROMOTOCO.NS,Hero MotoCorp Limited,Consumer Cyclical,Auto Manufacturers,27.7%,21.1% (4yr),0.03x,12.0% (3yr),23.6% (3yr),1.05x,0.0%,33.6%,13.0%,12.3%,19.4x,25.9x,5.2%,7.0%,₹5275.50,₹3881.29,Y,-1.58x,0.00x (reinvesting),0.0%,10.0%,—,—,—,27.7%,—,37.4,₹5179.24,above,Not yet,₹1.1L Cr,52,WATCH,"Good ROCE, Near Zero Debt, Strong Growth, High Cash Quality, Volatile Industry, Below Historical P/E, Entry Quality Pass",TTM: 28%  |  2025: 25%  |  2024: 24%  |  2023: 19%  |  2022: 16%,✓ Filing 2025-03-31 (11mo old)
HSCL.NS,Himadri Speciality Chemical Limited,Basic Materials,Specialty Chemicals,22.1%,14.6% (4yr),0.21x,18.1% (3yr),138.5% (3yr),1.01x,0.0%,35.9%,19.9%,15.7%,31.9x,72.1x,3.1%,7.0%,₹451.40,₹202.43,Y,0.18x,0.00x (reinvesting),0.0%,10.0%,—,—,—,22.1%,—,36.9,₹467.92,below,Not yet,₹22934 Cr,51,WATCH,"Good ROCE, ROCE Volatile, Low Debt, Strong Growth, High Cash Quality, Below Historical P/E, Entry Quality Pass",TTM: 22%  |  2025: 20%  |  2024: 18%  |  2023: 15%  |  2022: 6%,✓ Filing 2025-03-31 (11mo old)
KAJARIACER.NS,Kajaria Ceramics Limited,Industrials,Building Products & Equipment,21.0%,18.5% (4yr),0.10x,7.8% (3yr),-7.9% (3yr),1.27x,0.0%,57.0%,13.7%,8.0%,37.3x,52.4x,2.7%,7.0%,₹951.35,₹364.29,N,-0.36x,0.00x ⚠ accruals?,0.0%,10.0%,—,—,—,21.0%,—,48.9,₹1093.32,below,Not yet,₹15152 Cr,51,WATCH,"Good ROCE, Near Zero Debt, ⚠ Declining Growth, High Cash Quality, Below Historical P/E",TTM: 21%  |  2025: 15%  |  2024: 20%  |  2023: 18%  |  2022: 21%,✓ Filing 2025-03-31 (11mo old)
CHENNPETRO.NS,Chennai Petroleum Corporation Limited,Energy,Oil & Gas Refining & Marketing,56.9%,34.9% (4yr),0.22x,11.0% (3yr),-45.9% (3yr),1.38x,0.0%,8.3%,8.4%,3.4%,7.4x,3.4x,13.6%,7.0%,₹1064.75,₹486.92,N,0.48x,0.00x ⚠ accruals?,0.0%,10.0%,—,—,—,56.9%,—,59.9,₹811.85,above,Not yet,₹15871 Cr,51,WATCH,"Elite ROCE, Steady ROCE (4yr), ROCE Volatile, Low Debt, Partial Growth, High Cash Quality, Volatile Industry, Cheap vs Bonds",TTM: 57%  |  2025: 5%  |  2024: 36%  |  2023: 60%  |  2022: 39%,✓ Filing 2025-03-31 (11mo old)
DMART.NS,Avenue Supermarts Limited,Consumer Defensive,Discount Stores,19.7%,16.5% (4yr),0.07x,24.2% (3yr),22.0% (3yr),1.01x,0.0%,14.6%,6.6%,4.3%,86.2x,111.7x,1.2%,7.0%,₹3770.80,₹624.86,N,0.30x,0.00x (reinvesting),0.0%,10.0%,—,—,—,19.7%,—,43.9,₹4117.66,below,Not yet,₹2.5L Cr,51,WATCH,"Near Zero Debt, Strong Growth, High Cash Quality",TTM: 20%  |  2025: 16%  |  2024: 18%  |  2023: 18%  |  2022: 14%,✓ Filing 2025-03-31 (11mo old)
DRREDDY.NS,Dr. Reddy's Laboratories Limited,Healthcare,Drug Manufacturers - Specialty & Generic,15.7%,21.3% (4yr),0.18x,14.9% (3yr),33.9% (3yr),0.99x,3.9%,55.2%,16.4%,16.4%,19.1x,21.2x,5.2%,7.0%,₹1298.90,₹970.43,N,-0.18x,0.24x (reinvesting),1.3%,10.0%,₹180  (10× FCF),₹557 – ₹1636  (33× – 80× FCF),8.6%,11.9%,Buy,53.0,₹1263.72,above,Not yet,₹1.1L Cr,51,WATCH,"Low Debt, Strong Growth",TTM: 16%  |  2025: 20%  |  2024: 22%  |  2023: 25%  |  2022: 18%,✓ Filing 2025-03-31 (11mo old)
VGUARD.NS,V-Guard Industries Limited,Industrials,Electrical Equipment & Parts,17.1%,16.6% (4yr),0.07x,16.5% (3yr),11.3% (3yr),1.27x,0.0%,35.3%,6.9%,5.0%,49.7x,67.0x,2.0%,7.0%,₹324.85,₹93.29,N,0.11x,0.00x (reinvesting),0.0%,10.0%,—,—,—,17.1%,—,59.1,₹353.15,below,Not yet,₹14175 Cr,51,WATCH,"Near Zero Debt, Strong Growth, High Cash Quality",TTM: 17%  |  2025: 18%  |  2024: 16%  |  2023: 12%  |  2022: 20%,✓ Filing 2025-03-31 (11mo old)
TECHM.NS,Tech Mahindra Limited,Technology,Information Technology Services,22.8%,16.7% (4yr),0.07x,5.9% (3yr),-8.6% (3yr),1.35x,0.0%,33.8%,13.1%,8.4%,26.6x,33.1x,3.8%,7.0%,₹1384.80,₹743.86,N,-0.70x,0.00x ⚠ accruals?,0.0%,10.0%,—,—,—,22.8%,—,56.2,₹1517.85,below,Not yet,₹1.2L Cr,51,WATCH,"Good ROCE, Near Zero Debt, ⚠ Declining Growth, High Cash Quality, Below Historical P/E",TTM: 23%  |  2025: 16%  |  2024: 11%  |  2023: 19%  |  2022: 20%,✓ Filing 2025-03-31 (11mo old)
TBOTEK.NS,TBO TEK LIMITED,Consumer Cyclical,Travel Services,17.3%,28.5% (4yr),0.52x,54.6% (3yr),89.6% (3yr),1.56x,0.0%,80.5%,10.3%,10.5%,47.2x,91.4x,2.1%,7.0%,₹1068.10,₹323.43,N,-3.58x,0.00x (reinvesting),0.0%,10.0%,—,—,—,17.3%,—,28.1,₹1473.92,below,Ready,₹11379 Cr,50,WATCH,"Steady ROCE (4yr), Strong Growth, High Cash Quality",TTM: 17%  |  2025: 22%  |  2024: 32%  |  2023: 46%  |  2022: 13%,✓ Filing 2025-03-31 (11mo old)
GODREJCP.NS,Godrej Consumer Products Limited,Consumer Defensive,Household & Personal Products,23.7%,19.8% (4yr),0.34x,5.5% (3yr),1.3% (3yr),1.73x,0.0%,51.6%,19.9%,12.0%,57.1x,65.6x,1.8%,7.0%,₹1017.60,₹254.43,Y,0.48x,0.00x (reinvesting),0.0%,10.0%,—,—,—,23.7%,—,18.2,₹1178.87,below,Ready,₹1.0L Cr,50,WATCH,"Good ROCE, Modest Debt, High Cash Quality, Below Historical P/E, Entry Quality Pass",TTM: 24%  |  2025: 22%  |  2024: 22%  |  2023: 16%  |  2022: 19%,✓ Filing 2025-03-31 (11mo old)
BLUEDART.NS,Blue Dart Express Limited,Industrials,Integrated Freight & Logistics,21.7%,26.4% (4yr),0.66x,9.1% (3yr),-12.9% (3yr),2.42x,0.0%,22.7%,8.4%,4.2%,47.6x,51.9x,2.1%,7.0%,₹5101.50,₹1530.43,N,0.87x,0.00x ⚠ accruals?,0.0%,10.0%,—,—,—,21.7%,—,23.8,₹5838.22,below,Ready,₹12105 Cr,50,WATCH,"Good ROCE, Steady ROCE (4yr), ⚠ Declining Growth, High Cash Quality, Below Historical P/E",TTM: 22%  |  2025: 17%  |  2024: 22%  |  2023: 27%  |  2022: 39%,✓ Filing 2025-03-31 (11mo old)
LLOYDSME.NS,Lloyds Metals and Energy Limited,Basic Materials,Steel,52.3%,39.8% (4yr),1.00x,113.5% (3yr),146.0% (3yr),0.92x,0.0%,49.2%,31.1%,20.0%,28.4x,55.7x,3.5%,7.0%,₹1245.80,₹626.43,N,2.01x,0.00x (reinvesting),0.0%,10.0%,—,—,—,52.3%,—,51.3,₹1325.99,below,Not yet,₹70094 Cr,50,WATCH,"Elite ROCE, Consistent ROCE (4yr), Strong Growth, Volatile Industry, Below Historical P/E",TTM: 52%  |  2025: 26%  |  2024: 57%  |  2023: 54%  |  2022: 23%,✓ Filing 2025-03-31 (11mo old)
GVT&D.NS,GE Vernova T&D India Limited,Industrials,Specialty Industrial Machinery,79.7%,15.1% (4yr),0.01x,11.8% (3yr),— (unavailable),1.89x,0.0%,43.6%,26.1%,18.7%,88.5x,—,1.1%,7.0%,₹3678.90,₹593.86,Y,-0.58x,0.00x (reinvesting),0.0%,10.0%,—,—,—,79.7%,—,43.3,₹2937.14,above,Not yet,₹94197 Cr,50,WATCH,"Elite ROCE, ROCE Negative (some years), Near Zero Debt, High Cash Quality, Entry Quality Pass",TTM: 80%  |  2025: 42%  |  2024: 23%  |  2023: 9%  |  2022: -14%,✓ Filing 2025-03-31 (11mo old)
KEC.NS,KEC International Limited,Industrials,Engineering & Construction,25.5%,22.2% (4yr),0.94x,16.8% (3yr),19.8% (3yr),0.74x,0.0%,23.4%,6.3%,2.8%,21.1x,88.1x,4.8%,7.0%,₹546.10,₹370.57,N,2.90x,0.00x (reinvesting),0.0%,10.0%,—,—,—,25.5%,—,39.1,₹767.34,below,Not yet,₹14537 Cr,50,WATCH,"Good ROCE, Strong Growth, Below Historical P/E",TTM: 25%  |  2025: 26%  |  2024: 26%  |  2023: 18%  |  2022: 19%,✓ Filing 2025-03-31 (11mo old)
ASTRAL.NS,Astral Limited,Industrials,Building Products & Equipment,16.7%,21.5% (4yr),0.07x,9.9% (3yr),2.7% (3yr),1.27x,0.0%,39.1%,10.6%,8.2%,86.9x,81.2x,1.2%,7.0%,₹1631.80,₹268.14,N,-0.32x,0.00x ⚠ accruals?,0.0%,10.0%,—,—,—,16.7%,—,46.5,₹1475.86,above,Not yet,₹43838 Cr,49,WATCH,"Near Zero Debt, High Cash Quality",TTM: 17%  |  2025: 18%  |  2024: 22%  |  2023: 21%  |  2022: 26%,✓ Filing 2025-03-31 (11mo old)
EIDPARRY.NS,E.I.D.- Parry (India) Limited,Basic Materials,Agricultural Inputs,16.4%,21.4% (4yr),0.18x,12.0% (3yr),-1.1% (3yr),1.80x,0.0%,22.6%,6.1%,3.2%,11.8x,17.7x,8.5%,7.0%,₹789.05,₹953.57,N,-0.69x,0.00x ⚠ accruals?,0.0%,10.0%,—,—,—,16.4%,—,32.7,₹1022.88,below,Ready,₹14045 Cr,49,WATCH,"Low Debt, Partial Growth, High Cash Quality",TTM: 16%  |  2025: 16%  |  2024: 19%  |  2023: 27%  |  2022: 24%,✓ Filing 2025-03-31 (11mo old)
SUNTV.NS,Sun TV Network Limited,Communication Services,Broadcasting,13.4%,20.0% (4yr),0.01x,3.9% (3yr),1.2% (3yr),1.08x,0.0%,66.4%,35.5%,35.7%,14.8x,13.6x,6.8%,7.0%,₹592.95,₹544.02,N,-3.57x,0.00x ⚠ accruals?,0.0%,10.0%,—,—,—,13.4%,—,35.8,₹564.90,above,Not yet,₹23367 Cr,49,WATCH,"Near Zero Debt, High Cash Quality",TTM: 13%  |  2025: 14%  |  2024: 20%  |  2023: 21%  |  2022: 25%,✓ Filing 2025-03-31 (11mo old)
SUMICHEM.NS,Sumitomo Chemical India Limited,Basic Materials,Agricultural Inputs,15.7%,22.4% (4yr),0.02x,0.9% (3yr),6.1% (3yr),1.01x,0.0%,41.0%,14.6%,16.4%,36.4x,56.4x,2.7%,7.0%,₹387.00,₹152.00,N,-2.54x,0.00x ⚠ accruals?,0.0%,10.0%,—,—,—,15.7%,—,39.2,₹496.49,below,Not yet,₹19317 Cr,49,WATCH,"Near Zero Debt, High Cash Quality",TTM: 16%  |  2025: 19%  |  2024: 17%  |  2023: 25%  |  2022: 28%,✓ Filing 2025-03-31 (11mo old)
MGL.NS,Mahanagar Gas Limited,Utilities,Utilities - Regulated Gas,15.4%,22.0% (4yr),0.04x,26.9% (3yr),20.3% (3yr),1.31x,0.0%,33.4%,12.1%,11.7%,10.0x,12.8x,10.0%,7.0%,₹967.10,₹1236.79,N,-0.69x,0.00x (reinvesting),0.0%,10.0%,—,—,—,15.4%,—,4.9,₹1231.43,below,Ready,₹9553 Cr,49,WATCH,"Near Zero Debt, Strong Growth, High Cash Quality, Commodity Sector",TTM: 15%  |  2025: 19%  |  2024: 28%  |  2023: 22%  |  2022: 19%,✓ Filing 2025-03-31 (11mo old)
SCHAEFFLER.NS,Schaeffler India Limited,Consumer Cyclical,Auto Parts,22.8%,23.2% (4yr),0.01x,12.8% (3yr),9.4% (3yr),0.97x,7.1%,38.8%,14.4%,11.9%,56.8x,54.8x,1.8%,7.0%,₹4186.50,₹1052.57,Y,-1.02x,0.59x (reinvesting),1.1%,10.0%,₹552  (10× FCF),₹1572 – ₹4487  (33× – 80× FCF),8.8%,9.3%,Buy,44.6,₹3979.62,above,Not yet,₹65437 Cr,49,WATCH,"Good ROCE, Steady ROCE (4yr), Near Zero Debt, Partial Growth, Volatile Industry, Entry Quality Pass",TTM: 23%  |  2025: 23%  |  2024: 22%  |  2023: 23%  |  2022: 25%,✓ Filing 2025-12-31 (2mo old)
SAILIFE.NS,SAI LIFE SCIENCES LIMITED,Healthcare,Diagnostics & Research,23.1%,7.7% (4yr),0.18x,24.1% (3yr),201.2% (3yr),3.35x,0.0%,71.2%,25.8%,15.3%,63.3x,—,1.6%,7.0%,₹1000.05,₹225.71,Y,0.20x,0.00x (reinvesting),0.0%,10.0%,—,—,—,23.1%,—,50.3,₹870.72,above,Not yet,₹21178 Cr,48,WATCH,"Good ROCE, ROCE Volatile, Low Debt, Strong Growth, High Cash Quality, Entry Quality Pass",TTM: 23%  |  2025: 11%  |  2024: 12%  |  2023: 5%  |  2022: 2%,✓ Filing 2025-03-31 (11mo old)
TRENT.NS,Trent Limited,Consumer Cyclical,Apparel Retail,34.7%,15.3% (4yr),0.38x,56.3% (3yr),144.5% (3yr),1.02x,0.0%,42.3%,13.4%,8.5%,77.5x,170.2x,1.3%,7.0%,₹3559.60,₹656.00,Y,0.59x,0.00x (reinvesting),0.0%,10.0%,—,—,—,34.7%,—,31.6,₹4701.76,below,Ready,₹1.3L Cr,48,WATCH,"High ROCE, ROCE Volatile, Modest Debt, Strong Growth, High Cash Quality, Below Historical P/E, Entry Quality Pass",TTM: 35%  |  2025: 26%  |  2024: 23%  |  2023: 9%  |  2022: 4%,✓ Filing 2025-03-31 (11mo old)
SYRMA.NS,Syrma SGS Technology Limited,Technology,Electronic Components,23.6%,10.7% (4yr),0.11x,54.2% (3yr),45.2% (3yr),0.03x,0.0%,24.8%,11.0%,6.6%,51.3x,105.7x,2.0%,7.0%,₹783.90,₹218.43,Y,-0.94x,0.00x (reinvesting),0.0%,10.0%,—,—,—,23.6%,—,44.2,₹745.65,above,Not yet,₹15106 Cr,47,WATCH,"Good ROCE, Low Debt, Strong Growth, ⚠ Accruals Risk, Below Historical P/E, Entry Quality Pass",TTM: 24%  |  2025: 13%  |  2024: 8%  |  2023: 10%  |  2022: 12%,✓ Filing 2025-03-31 (11mo old)
VIJAYA.NS,Vijaya Diagnostic Centre Limited,Healthcare,Diagnostics & Research,20.8%,18.7% (4yr),0.42x,13.8% (3yr),9.3% (3yr),1.60x,0.0%,85.0%,30.1%,20.7%,58.5x,81.9x,1.7%,7.0%,₹904.60,₹221.00,N,0.25x,0.00x ⚠ accruals?,0.0%,10.0%,—,—,—,20.8%,—,24.1,₹1008.03,below,Ready,₹9308 Cr,47,WATCH,"Good ROCE, Modest Debt, Partial Growth, High Cash Quality, Below Historical P/E",TTM: 21%  |  2025: 18%  |  2024: 18%  |  2023: 15%  |  2022: 23%,✓ Filing 2025-03-31 (11mo old)
JWL.NS,Jupiter Wagons Limited,Industrials,Railroads,12.5%,21.3% (4yr),0.27x,50.0% (3yr),97.4% (3yr),0.25x,0.0%,27.2%,11.2%,7.7%,45.4x,78.4x,2.2%,7.0%,₹262.60,₹82.57,N,0.13x,0.00x (reinvesting),0.0%,10.0%,—,—,—,12.5%,—,48.1,₹323.88,below,Not yet,₹11223 Cr,47,WATCH,"Low Debt, Strong Growth, ⚠ Accruals Risk",TTM: 12%  |  2025: 18%  |  2024: 27%  |  2023: 27%  |  2022: 13%,✓ Filing 2025-03-31 (11mo old)
INDUSTOWER.NS,Indus Towers Limited,Communication Services,Telecom Services,20.0%,20.5% (4yr),0.55x,2.8% (3yr),15.9% (3yr),1.98x,20.2%,55.7%,33.3%,22.2%,16.1x,14.9x,6.2%,7.0%,₹434.55,₹386.71,N,1.08x,0.91x,4.9%,10.0%,₹183  (10× FCF),₹197 – ₹262  (11× – 13× FCF),4.8%,1.9%,Not Buy,40.7,₹397.66,above,Not yet,₹1.1L Cr,47,WATCH,"Good ROCE, Partial Growth, High Cash Quality",TTM: 20%  |  2025: 27%  |  2024: 19%  |  2023: 12%  |  2022: 25%,✓ Filing 2025-03-31 (11mo old)
AFFLE.NS,Affle 3i Limited,Communication Services,Advertising Agencies,15.6%,13.0% (4yr),0.01x,27.9% (3yr),21.3% (3yr),1.01x,0.0%,29.1%,18.1%,16.9%,41.2x,75.1x,2.4%,7.0%,₹1285.70,₹446.29,N,-2.39x,0.00x (reinvesting),0.0%,10.0%,—,—,—,15.6%,—,39.0,₹1792.92,below,Not yet,₹18081 Cr,46,WATCH,"Near Zero Debt, Strong Growth, High Cash Quality",TTM: 16%  |  2025: 13%  |  2024: 11%  |  2023: 15%  |  2022: 13%,✓ Filing 2025-03-31 (11mo old)
NEULANDLAB.NS,Neuland Laboratories Limited,Healthcare,Drug Manufacturers - Specialty & Generic,11.1%,18.6% (4yr),0.16x,15.8% (3yr),59.7% (3yr),1.11x,0.0%,49.3%,12.1%,11.4%,86.2x,58.6x,1.2%,7.0%,₹11995.00,₹1987.71,N,0.31x,0.00x (reinvesting),0.0%,10.0%,—,—,—,11.1%,—,35.6,₹14349.02,below,Not yet,₹15405 Cr,46,WATCH,"Low Debt, Strong Growth, High Cash Quality",TTM: 11%  |  2025: 16%  |  2024: 29%  |  2023: 21%  |  2022: 9%,✓ Filing 2025-03-31 (11mo old)
CIPLA.NS,Cipla Limited,Healthcare,Drug Manufacturers - Specialty & Generic,12.3%,17.8% (4yr),0.01x,7.9% (3yr),28.0% (3yr),1.07x,0.0%,65.2%,14.0%,16.3%,22.3x,33.6x,4.5%,7.0%,₹1256.40,₹804.14,N,-1.59x,0.00x (reinvesting),0.0%,10.0%,—,—,—,12.3%,—,25.1,₹1479.02,below,Ready,₹1.0L Cr,46,WATCH,"Near Zero Debt, Partial Growth, High Cash Quality",TTM: 12%  |  2025: 19%  |  2024: 20%  |  2023: 16%  |  2022: 16%,✓ Filing 2025-03-31 (11mo old)
CROMPTON.NS,Crompton Greaves Consumer Electricals Limited,Consumer Cyclical,"Furnishings, Fixtures & Appliances",15.0%,17.8% (4yr),0.05x,13.4% (3yr),-1.3% (3yr),1.41x,0.0%,32.4%,8.0%,5.9%,34.0x,43.2x,2.9%,7.0%,₹243.15,₹102.14,N,-0.52x,0.00x ⚠ accruals?,0.0%,10.0%,—,—,—,15.0%,—,34.0,₹290.23,below,Ready,₹15892 Cr,46,WATCH,"Near Zero Debt, Partial Growth, High Cash Quality",TTM: 15%  |  2025: 18%  |  2024: 15%  |  2023: 17%  |  2022: 21%,✓ Filing 2025-03-31 (11mo old)
JYOTHYLAB.NS,Jyothy Labs Limited,Consumer Defensive,Household & Personal Products,17.2%,18.0% (4yr),0.04x,9.0% (3yr),31.8% (3yr),1.14x,0.0%,47.9%,12.9%,11.7%,22.4x,45.0x,4.5%,7.0%,₹208.55,₹132.86,N,-1.13x,0.00x (reinvesting),0.0%,10.0%,—,—,—,17.2%,—,13.4,₹300.06,below,Ready,₹7658 Cr,46,WATCH,"Near Zero Debt, Partial Growth, High Cash Quality",TTM: 17%  |  2025: 21%  |  2024: 22%  |  2023: 16%  |  2022: 13%,✓ Filing 2025-03-31 (11mo old)
ZENSARTECH.NS,Zensar Technologies Limited,Technology,Information Technology Services,18.6%,16.6% (4yr),0.03x,7.6% (3yr),16.0% (3yr),1.10x,0.0%,21.0%,14.3%,13.2%,17.5x,25.1x,5.7%,7.0%,₹564.90,₹460.86,N,-2.29x,0.00x (reinvesting),0.0%,10.0%,—,—,—,18.6%,—,50.1,₹739.94,below,Not yet,₹12809 Cr,46,WATCH,"Near Zero Debt, Partial Growth, High Cash Quality",TTM: 19%  |  2025: 18%  |  2024: 20%  |  2023: 11%  |  2022: 17%,✓ Filing 2025-03-31 (11mo old)
TIMKEN.NS,Timken India Limited,Industrials,Tools & Accessories,10.4%,21.2% (4yr),0.01x,12.8% (3yr),11.0% (3yr),0.71x,0.0%,37.8%,9.2%,13.1%,54.9x,61.9x,1.8%,7.0%,₹3163.30,₹822.43,N,-0.60x,0.00x ⚠ accruals?,0.0%,10.0%,—,—,—,10.4%,—,35.7,₹3123.96,above,Not yet,₹23839 Cr,46,WATCH,"Near Zero Debt, Strong Growth",TTM: 10%  |  2025: 17%  |  2024: 20%  |  2023: 23%  |  2022: 25%,✓ Filing 2025-03-31 (11mo old)
RITES.NS,RITES Limited,Industrials,Engineering & Construction,15.9%,20.7% (4yr),0.00x,-6.0% (3yr),-9.3% (3yr),1.02x,0.0%,33.7%,20.6%,18.3%,22.3x,29.6x,4.5%,7.0%,₹191.56,₹122.57,N,-1.61x,0.00x ⚠ accruals?,0.0%,10.0%,—,—,—,15.9%,—,31.3,₹242.83,below,Ready,₹9206 Cr,46,WATCH,"Near Zero Debt, ⚠ Declining Growth, High Cash Quality",TTM: 16%  |  2025: 15%  |  2024: 20%  |  2023: 23%  |  2022: 24%,✓ Filing 2025-03-31 (11mo old)
INDIAMART.NS,IndiaMART InterMESH Limited,Communication Services,Internet Content & Information,16.5%,12.9% (4yr),0.01x,22.6% (3yr),22.8% (3yr),1.41x,0.0%,55.1%,31.6%,39.8%,19.8x,42.2x,5.0%,7.0%,₹1994.40,₹1436.00,N,-5.63x,0.00x (reinvesting),0.0%,10.0%,—,—,—,16.5%,—,34.1,₹2383.37,below,Ready,₹11980 Cr,46,WATCH,"Near Zero Debt, Strong Growth, High Cash Quality",TTM: 16%  |  2025: 17%  |  2024: 12%  |  2023: 9%  |  2022: 13%,✓ Filing 2025-03-31 (11mo old)
HINDZINC.NS,Hindustan Zinc Limited,Basic Materials,Other Industrial Metals & Mining,73.3%,55.0% (4yr),0.88x,4.7% (3yr),2.4% (3yr),1.45x,0.0%,73.3%,48.1%,33.2%,18.4x,23.7x,5.4%,7.0%,₹514.75,₹399.29,Y,0.21x,0.00x (reinvesting),0.0%,10.0%,—,—,—,73.3%,—,27.5,₹512.56,above,Not yet,₹2.2L Cr,46,WATCH,"Elite ROCE, Consistent ROCE (4yr), High Cash Quality, Volatile Industry, Below Historical P/E, Entry Quality Pass",TTM: 73%  |  2025: 60%  |  2024: 45%  |  2023: 80%  |  2022: 35%,✓ Filing 2025-03-31 (11mo old)
EIHOTEL.NS,EIH Limited,Consumer Cyclical,Lodging,21.6%,11.7% (4yr),0.05x,40.7% (3yr),— (unavailable),1.34x,0.0%,66.4%,38.9%,22.0%,30.1x,40.9x,3.3%,7.0%,₹309.50,₹146.86,Y,-0.74x,0.00x (reinvesting),0.0%,10.0%,—,—,—,21.6%,—,47.7,₹366.28,below,Not yet,₹19355 Cr,46,WATCH,"Good ROCE, ROCE Negative (some years), Near Zero Debt, High Cash Quality, Below Historical P/E, Entry Quality Pass",TTM: 22%  |  2025: 19%  |  2024: 18%  |  2023: 13%  |  2022: -3%,✓ Filing 2025-03-31 (11mo old)
MEDANTA.NS,Global Health Limited,Healthcare,Medical Care Facilities,14.0%,15.4% (4yr),0.25x,18.8% (3yr),34.9% (3yr),1.48x,0.0%,50.9%,13.9%,12.3%,52.6x,66.2x,1.9%,7.0%,₹1005.70,₹273.00,N,-0.31x,0.00x (reinvesting),0.0%,10.0%,—,—,—,14.0%,—,14.3,₹1235.04,below,Ready,₹27023 Cr,46,WATCH,"Low Debt, Strong Growth, High Cash Quality",TTM: 14%  |  2025: 18%  |  2024: 18%  |  2023: 14%  |  2022: 12%,✓ Filing 2025-03-31 (11mo old)
RADICO.NS,Radico Khaitan Limited,Consumer Defensive,Beverages - Wineries & Distilleries,28.1%,14.3% (4yr),0.21x,19.2% (3yr),9.5% (3yr),0.91x,0.0%,43.4%,14.9%,8.8%,69.0x,127.8x,1.5%,7.0%,₹2660.50,₹551.14,Y,0.63x,0.00x (reinvesting),0.0%,10.0%,—,—,—,28.1%,—,50.6,₹2912.20,below,Not yet,₹35648 Cr,46,WATCH,"Good ROCE, Low Debt, Partial Growth, Below Historical P/E, Entry Quality Pass",TTM: 28%  |  2025: 17%  |  2024: 14%  |  2023: 11%  |  2022: 16%,✓ Filing 2025-03-31 (11mo old)
RAILTEL.NS,RailTel Corporation of India Limited,Communication Services,Telecom Services,16.3%,14.9% (4yr),0.03x,31.0% (3yr),12.8% (3yr),1.43x,0.0%,16.4%,9.3%,8.1%,27.4x,52.0x,3.7%,7.0%,₹271.50,₹141.57,N,-0.45x,0.00x (reinvesting),0.0%,10.0%,—,—,—,16.3%,—,31.7,₹359.71,below,Ready,₹8713 Cr,46,WATCH,"Near Zero Debt, Strong Growth, High Cash Quality",TTM: 16%  |  2025: 16%  |  2024: 15%  |  2023: 13%  |  2022: 16%,✓ Filing 2025-03-31 (11mo old)
MAHABANK.NS,Bank of Maharashtra,Financial Services,Banks - Regional,83.0%,,Neg. Equity / N/A,18.9% (3yr),68.7% (3yr),1.84x,0.0%,0.0%,55.3%,49.3%,7.8x,12.5x,12.9%,7.0%,₹65.49,₹104.91,Y,—,0.00x (reinvesting),0.0%,10.0%,—,—,—,83.0%,—,34.8,₹58.52,above,Not yet,₹50372 Cr,45,WATCH,"Elite ROCE, High Debt, Strong Growth, High Cash Quality, Cheap vs History + Bonds, Entry Quality Pass",,✓ Filing 2025-03-31 (11mo old)
CHOICEIN.NS,Choice International Limited,Financial Services,Capital Markets,22.7%,19.5% (4yr),0.36x,48.9% (3yr),44.8% (3yr),-0.84x,0.0%,97.0%,32.2%,22.3%,56.8x,94.6x,1.8%,7.0%,₹614.90,₹154.57,Y,0.22x,0.00x (reinvesting),0.0%,10.0%,—,—,—,22.7%,—,25.9,₹766.70,below,Ready,₹13712 Cr,45,WATCH,"Good ROCE, Modest Debt, Strong Growth, ⚠ Accruals Risk, Below Historical P/E, Entry Quality Pass",TTM: 23%  |  2025: 20%  |  2024: 24%  |  2023: 17%  |  2022: 17%,✓ Filing 2025-03-31 (11mo old)
IDBI.NS,IDBI Bank Limited,Financial Services,Banks - Regional,74.3%,,Neg. Equity / N/A,11.6% (3yr),44.4% (3yr),1.37x,0.0%,0.0%,49.5%,51.5%,8.5x,18.8x,11.8%,7.0%,₹73.07,₹123.43,Y,—,0.00x (reinvesting),0.0%,10.0%,—,—,—,74.3%,—,13.3,₹97.50,below,Ready,₹78575 Cr,45,WATCH,"Elite ROCE, High Debt, Strong Growth, High Cash Quality, Cheap vs History + Bonds, Entry Quality Pass",,✓ Filing 2025-03-31 (11mo old)
KARURVYSYA.NS,The Karur Vysya Bank Limited,Financial Services,Banks - Regional,82.2%,,Neg. Equity / N/A,16.7% (3yr),42.3% (3yr),1.68x,0.0%,0.0%,54.8%,38.4%,11.1x,13.1x,9.0%,7.0%,₹263.90,₹310.55,Y,—,0.00x (reinvesting),0.0%,10.0%,—,—,—,82.2%,—,21.0,₹245.25,above,Not yet,₹25509 Cr,45,WATCH,"Elite ROCE, High Debt, Strong Growth, High Cash Quality, Cheap vs History + Bonds, Entry Quality Pass",,✓ Filing 2025-03-31 (11mo old)
NMDC.NS,NMDC Limited,Basic Materials,Steel,23.7%,34.5% (4yr),0.11x,-2.7% (3yr),-11.5% (3yr),0.67x,0.0%,52.3%,26.8%,24.9%,10.2x,9.8x,9.8%,7.0%,₹79.78,₹77.18,N,-0.80x,0.00x ⚠ accruals?,0.0%,10.0%,—,—,—,23.7%,—,44.9,₹73.56,above,Not yet,₹70141 Cr,45,WATCH,"Good ROCE, Consistent ROCE (4yr), Low Debt, ⚠ Declining Growth, Volatile Industry, Cheap vs Bonds",TTM: 24%  |  2025: 25%  |  2024: 25%  |  2023: 24%  |  2022: 64%,✓ Filing 2025-03-31 (11mo old)
PNB.NS,Punjab National Bank,Financial Services,Banks - Regional,66.1%,,Neg. Equity / N/A,13.2% (3yr),68.5% (3yr),1.06x,0.0%,0.0%,44.1%,34.7%,7.2x,15.9x,13.9%,7.0%,₹111.53,₹221.29,Y,—,0.00x (reinvesting),0.0%,10.0%,—,—,—,66.1%,—,24.0,₹115.59,below,Ready,₹1.3L Cr,45,WATCH,"Elite ROCE, High Debt, Strong Growth, High Cash Quality, Cheap vs History + Bonds, Entry Quality Pass",,✓ Filing 2025-03-31 (11mo old)
UNIONBANK.NS,Union Bank of India,Financial Services,Banks - Regional,69.6%,,Neg. Equity / N/A,12.6% (3yr),50.7% (3yr),1.75x,0.0%,0.0%,46.4%,35.0%,7.2x,10.1x,14.0%,7.0%,₹177.63,₹249.72,Y,—,0.00x (reinvesting),0.0%,10.0%,—,—,—,69.6%,—,29.7,₹152.44,above,Not yet,₹1.4L Cr,45,WATCH,"Elite ROCE, High Debt, Strong Growth, High Cash Quality, Cheap vs History + Bonds, Entry Quality Pass",,✓ Filing 2025-03-31 (11mo old)
